role,player_id,player,n_obs,arima_order,arima_next_forecast
Defender,36,T. Alderweireld,109,"(0, 1, 1)",13.765958740937634
Defender,48,J. Vertonghen,109,"(1, 1, 0)",13.979598305024878
Defender,74,R. Klavan,35,"(1, 1, 0)",13.811700886874396
Defender,77,N. Moisander,30,"(0, 1, 1)",14.445943336424488
Defender,102,Marcelo,40,"(1, 1, 0)",13.905241189101234
Defender,107,E. Pieters,38,"(1, 1, 0)",14.329233198638985
Defender,110,J. Willems,37,"(0, 1, 1)",15.390782845649472
Defender,130,S. de Vrij,37,"(0, 1, 1)",13.656057693719264
Defender,132,T. Kongolo,30,"(0, 1, 1)",14.19249373546259
Defender,134,B. Martins Indi,36,"(1, 1, 0)",13.33260196846928
Defender,159,J. Gouweleeuw,38,"(1, 1, 0)",14.11985360543023
Defender,160,D. Janmaat,39,"(0, 1, 1)",15.403762008414352
Defender,192,J. Vukovi\u0107,13,"(1, 1, 0)",13.573396813247285
Defender,254,R. Rosales,37,"(1, 1, 0)",13.7119416686914
Defender,284,M. van der Hoorn,37,"(1, 0, 0)",13.978986882135025
Defender,340,Cuco Martina,29,"(1, 1, 0)",15.378598345017412
Defender,370,V. van Dijk,34,"(1, 0, 0)",14.151469500435303
Defender,394,B. Nuytinck,38,"(0, 1, 1)",13.82002206419473
Defender,454,P. van Aanholt,38,"(1, 1, 0)",14.208533963298748
Defender,703,M. Yoshida,46,"(1, 1, 0)",14.188215744694768
Defender,1712,K. Tete,31,"(1, 1, 0)",15.224834581431764
Defender,3269,Jordi Alba,107,"(0, 1, 1)",14.420984039880235
Defender,3276,A. Rami,98,"(0, 1, 1)",13.360591979006003
Defender,3277,V\u00edctor Ru\u00edz,38,"(0, 1, 1)",13.495215441721001
Defender,3278,Bruno Saltor,38,"(0, 1, 1)",13.943119081251425
Defender,3300,Albiol,38,"(0, 1, 1)",13.927810717371162
Defender,3304,Nacho,43,"(0, 1, 1)",13.833625027837002
Defender,3306,Sergio Ramos,107,"(0, 1, 1)",13.783606834292913
Defender,3308,Pedro Mendes,41,"(1, 1, 0)",13.968003736581373
Defender,3309,R. Varane,43,"(0, 1, 1)",13.79452841648268
Defender,3310,Marcelo,45,"(0, 1, 1)",15.922471778688589
Defender,3325,Juanfran,38,"(0, 1, 1)",14.269014914766057
Defender,3335,Bartra,39,"(1, 1, 0)",14.812847707257083
Defender,3339,Montoya,35,"(0, 1, 1)",13.924509066981082
Defender,3340,Muniesa,35,"(0, 1, 1)",14.309576378717319
Defender,3341,Piqu\u00e9,107,"(0, 1, 1)",13.696886964012787
Defender,3347,Sergi Roberto,35,"(0, 1, 1)",14.329730906388113
Defender,3351,Kiko Femen\u00eda,37,"(1, 1, 0)",14.420264489232519
Defender,3408,Saborit,36,"(0, 1, 1)",14.026266610912549
Defender,3431,Jo\u00e3o Miranda,46,"(1, 1, 0)",13.215511629999414
Defender,3433,D. God\u00edn,44,"(0, 1, 1)",14.12490475295155
Defender,3434,Filipe Luis,42,"(0, 1, 1)",15.013447447268724
Defender,3436,Javi Manquillo,28,"(0, 1, 1)",14.374904123478
Defender,3447,Juanfran,100,"(0, 1, 1)",14.56628070350731
Defender,3460,Coke,29,"(0, 1, 1)",16.567727438536025
Defender,3463,F. Fazio,39,"(1, 1, 0)",13.8741160394709
Defender,3465,Fernando Navarro,35,"(1, 1, 0)",13.7708187954792
Defender,3466,Alexis,38,"(0, 1, 1)",13.738129594743311
Defender,3496,Sergio Postigo,38,"(0, 1, 1)",13.655319680049987
Defender,3523,F. Lejeune,39,"(1, 1, 0)",13.93770305037876
Defender,3526,M. Musacchio,34,"(1, 1, 0)",14.31053468427615
Defender,3529,Mario,34,"(1, 1, 0)",15.337821217962594
Defender,3642,Ramis,33,"(1, 1, 0)",14.559238417951624
Defender,3671,\u00cd\u00f1igo Mart\u00ednez,34,"(0, 1, 1)",13.43553701601055
Defender,3692,Bernardo Espinosa,38,"(0, 1, 1)",13.605703044680059
Defender,3695,\u00c1lvaro Gonz\u00e1lez,38,"(0, 1, 1)",13.7997760215679
Defender,3788,Jordi Amat,35,"(1, 1, 0)",13.998993182560332
Defender,3791,Z. Feddal,24,"(0, 1, 1)",13.751941216595075
Defender,3795,H. Moreno,40,"(1, 1, 0)",13.460865255054934
Defender,3798,D\u00eddac Vil\u00e1,36,"(0, 1, 1)",14.126969610954323
Defender,3806,Javi L\u00f3pez,39,"(0, 1, 1)",15.11069720129369
Defender,3827,Hugo Mallo,39,"(0, 1, 1)",14.475131929382297
Defender,3828,Ra\u00fal Navas,38,"(0, 1, 1)",13.821316221216108
Defender,3885,L. Cabrera,35,"(0, 1, 1)",13.31180839208668
Defender,3916,G. Cabral,37,"(0, 1, 1)",14.010725542270404
Defender,3920,Pedro L\u00f3pez,33,"(1, 1, 0)",14.765498178364473
Defender,3970,G\u00e1lvez,35,"(0, 1, 1)",14.587063944881425
Defender,3974,D. Su\u00e1rez,36,"(0, 1, 1)",13.918788760805247
Defender,4065,J. Murillo,37,"(0, 1, 1)",13.346432496132262
Defender,4094,Ander Capa,35,"(1, 1, 0)",15.563399405486171
Defender,4180,Lomb\u00e1n,32,"(1, 1, 0)",13.439239844509999
Defender,4238,M\u00edchel,38,"(0, 1, 1)",16.188753266237587
Defender,4303,David L\u00f3pez,39,"(0, 1, 1)",13.519790034493802
Defender,4358,Laguardia,15,"(0, 1, 1)",13.359531102342407
Defender,4360,Juanpe,37,"(0, 1, 1)",13.42699020584635
Defender,4424,Jonny,39,"(0, 1, 1)",14.488113366832907
Defender,4452,Yuri Berchiche,38,"(1, 1, 0)",14.989231463505465
Defender,4501,Daniel Carvajal,45,"(0, 1, 1)",15.835588404078889
Defender,4780,David Junc\u00e0,31,"(0, 1, 1)",14.362221444892526
Defender,4786,Iv\u00e1n Balliu,38,"(1, 1, 0)",14.272273920167777
Defender,4805,Arbilla,35,"(0, 1, 1)",14.005280219324826
Defender,4908,Alberto Moreno,38,"(1, 1, 0)",15.81173269908607
Defender,5281,A. Nyom,39,"(1, 0, 0)",14.153521943170027
Defender,5472,Luis Hern\u00e1ndez,38,"(1, 1, 0)",13.188610177717907
Defender,5677,Bruno,36,"(0, 1, 1)",13.42699020584635
Defender,6210,Aday,38,"(0, 1, 1)",15.483529434054482
Defender,6281,Zald\u00faa,38,"(0, 1, 1)",14.112209526954256
Defender,6365,Bustinza,38,"(0, 1, 1)",13.072883714272212
Defender,6513,Ra\u00fal Garc\u00eda,30,"(0, 1, 1)",14.04057006813943
Defender,7302,Albentosa,29,"(0, 1, 1)",13.937198014691951
Defender,7853,K. Gibbs,35,"(1, 0, 0)",13.565314984163795
Defender,7855,L. Koscielny,91,"(0, 1, 1)",13.388612921421378
Defender,7857,Miquel,20,"(0, 1, 1)",13.775489078054905
Defender,7860,T. Vermaelen,108,"(0, 1, 1)",14.107277515393365
Defender,7885,R. Bertrand,99,"(0, 1, 1)",14.834031395700409
Defender,7887,G. Cahill,101,"(0, 1, 1)",13.971068048145865
Defender,7914,J. Evans,97,"(0, 1, 1)",15.001678178744804
Defender,7915,P. Evra,99,"(0, 1, 1)",15.215132155166865
Defender,7918,P. Jones,46,"(1, 1, 0)",13.42863499037028
Defender,7919,M. Keane,39,"(1, 0, 0)",14.070865426677537
Defender,7920,Rafael,41,"(1, 1, 0)",14.097776527864
Defender,7938,A. Valencia,38,"(1, 1, 0)",15.196630547400936
Defender,7939,A. Young,42,"(1, 1, 0)",14.999897857506046
Defender,7958,M. Kelly,31,"(0, 1, 1)",14.170124214038045
Defender,7978,P. Dummett,39,"(1, 1, 0)",14.189715228267309
Defender,7982,D. Santon,28,"(0, 1, 1)",14.822599998297303
Defender,8004,C. Clark,86,"(0, 1, 1)",13.582266987073588
Defender,8005,J. Collins,89,"(0, 1, 1)",13.42719456339769
Defender,8032,Marcos Alonso,39,"(1, 1, 0)",15.444628372321002
Defender,8126,Jos\u00e9 Fonte,105,"(0, 1, 1)",13.233560934030072
Defender,8136,J. Stephens,39,"(1, 1, 0)",13.65576109280585
Defender,8186,S. Dann,20,"(1, 1, 0)",13.608680721456642
Defender,8221,J. Ward,38,"(1, 1, 0)",13.844668778061164
Defender,8239,L. Baines,39,"(1, 0, 0)",13.6262513679901
Defender,8240,S. Coleman,99,"(0, 1, 1)",14.955939589008961
Defender,8242,S. Duffy,99,"(1, 1, 0)",13.474766741233891
Defender,8245,P. Jagielka,39,"(0, 1, 1)",13.567683712271815
Defender,8268,B. Assou-Ekotto,20,"(1, 1, 0)",15.062375963196045
Defender,8277,K. Walker,108,"(0, 1, 1)",14.554399448924649
Defender,8292,D. Rose,109,"(0, 1, 1)",15.400068640405062
Defender,8306,A. Kolarov,43,"(1, 1, 0)",15.051756007313752
Defender,8307,V. Kompany,48,"(1, 1, 0)",14.313812125439098
Defender,8309,K. Rekik,38,"(1, 0, 0)",13.552221475718833
Defender,8311,S. Savi\u0107,38,"(0, 1, 1)",13.921190449368568
Defender,8336,K. Naughton,38,"(1, 1, 0)",13.991310822118349
Defender,8360,C. Dawson,39,"(1, 0, 0)",13.329356488701325
Defender,8362,G. McAuley,86,"(0, 1, 1)",14.141595734295183
Defender,8460,A. Smith,31,"(0, 1, 1)",15.326210469679047
Defender,8488,W. Morgan,39,"(0, 1, 1)",13.530001236978443
Defender,8501,J. Schlupp,37,"(1, 1, 0)",14.762884161122193
Defender,8553,W. Reid,21,"(0, 1, 1)",14.68357406965054
Defender,8554,J. Tomkins,38,"(1, 0, 0)",13.419702360537771
Defender,8643,M. Lowton,39,"(1, 1, 0)",15.087035575557515
Defender,8731,R. Shawcross,38,"(1, 1, 0)",13.406682376813448
Defender,8833,J. Lascelles,39,"(1, 1, 0)",13.42448244722607
Defender,8889,A. Mariappa,35,"(0, 1, 1)",14.0080152515181
Defender,8944,B. Mee,31,"(1, 1, 0)",14.428927379069748
Defender,8945,K. Trippier,47,"(1, 1, 0)",14.369800437432874
Defender,9277,S. Cook,39,"(1, 0, 0)",13.40677104191481
Defender,9279,S. Francis,38,"(1, 0, 0)",14.177735772583148
Defender,9280,S. Malone,34,"(0, 1, 1)",14.653515938213463
Defender,9285,C. Daniels,39,"(1, 1, 0)",14.339578549739942
Defender,9380,J. Stones,48,"(1, 1, 0)",14.514134921975744
Defender,9433,J. Tarkowski,39,"(1, 1, 0)",13.84061244216001
Defender,10108,K. Long,22,"(1, 1, 0)",13.641828680812122
Defender,11078,T. Smith,39,"(1, 1, 0)",14.420478812263017
Defender,11095,M. Veljkovic,38,"(1, 1, 0)",14.421451540153264
Defender,14687,S. Papastathopoulos,37,"(1, 1, 0)",13.488992018329235
Defender,14688,S. Pr\u00f6dl,94,"(0, 1, 1)",13.765008092638524
Defender,14689,Naldo,37,"(1, 1, 0)",13.50893069393969
Defender,14715,H. Badstuber,38,"(1, 1, 0)",13.457413045868753
Defender,14716,J. Boateng,105,"(0, 1, 1)",14.544408997416761
Defender,14718,Rafinha,38,"(1, 1, 0)",14.145968977996766
Defender,14724,D. Alaba,94,"(0, 1, 1)",15.346271474395827
Defender,14745,C. Molinaro,37,"(1, 1, 0)",13.93585510425452
Defender,14748,A. R\u00fcdiger,39,"(1, 1, 0)",14.415878775618157
Defender,14749,G. Sakai,36,"(0, 1, 1)",14.290732010298633
Defender,14772,D. da Costa,37,"(1, 1, 0)",14.211092759967705
Defender,14775,B. Oczipka,37,"(0, 1, 1)",14.842538655238783
Defender,14778,\u00d6. Toprak,36,"(1, 1, 0)",14.000590755625595
Defender,14795,M. Hummels,105,"(0, 1, 1)",14.17259534086956
Defender,14796,C. L\u00f6we,39,"(0, 1, 1)",14.49295587980221
Defender,14798,\u0141. Piszczek,106,"(1, 1, 0)",15.121103483759821
Defender,14800,M. Schmelzer,35,"(1, 1, 0)",15.364046906018501
Defender,14801,N. Suboti\u0107,30,"(0, 1, 1)",13.491476332280046
Defender,14803,S. Bender,35,"(1, 1, 0)",13.720213539134443
Defender,14842,K. Vogt,38,"(1, 1, 0)",14.221632341709896
Defender,14853,C. Fuchs,100,"(0, 1, 1)",14.92086298184845
Defender,14857,K. Papadopoulos,38,"(1, 0, 0)",13.964195954184651
Defender,14869,S. Kola\u0161inac,39,"(0, 1, 1)",15.23489993653276
Defender,14870,J. Matip,32,"(1, 1, 0)",14.339326142628357
Defender,14885,D. Aogo,37,"(1, 1, 0)",14.563023773812969
Defender,14888,D. Diekmeier,30,"(1, 1, 0)",15.548749211916565
Defender,14904,J. Sala,36,"(0, 1, 1)",14.948130544891669
Defender,14917,R. Knoche,38,"(1, 1, 0)",13.555851440549477
Defender,14922,R. Rodr\u00edguez,107,"(0, 1, 1)",15.682249523806714
Defender,14923,M. Russ,35,"(0, 1, 1)",13.574506706060838
Defender,14988,O. Sorg,26,"(1, 0, 0)",14.52055770822214
Defender,14990,F. Diagne,39,"(1, 1, 0)",13.700392553542512
Defender,14991,M. Ginter,37,"(1, 1, 0)",13.705593542803944
Defender,15010,Dante,41,"(0, 1, 1)",13.781993712832074
Defender,15014,O. Wendt,37,"(1, 1, 0)",14.562105976397008
Defender,15069,W. Orban,35,"(1, 1, 0)",13.445951299510657
Defender,15125,M. Plattenhardt,39,"(1, 0, 0)",14.232813293100767
Defender,15139,T. Chandler,35,"(1, 1, 0)",14.37145982184925
Defender,15178,S. Bell,38,"(1, 1, 0)",13.43976032345735
Defender,15214,A. Rukavina,43,"(0, 1, 1)",14.560059689942435
Defender,15215,C. Schindler,39,"(1, 0, 0)",13.787233683642357
Defender,15399,D. Brosinski,38,"(1, 0, 0)",14.335162959825292
Defender,15449,M. Mavraj,88,"(0, 1, 1)",14.76880629071423
Defender,15719,B. H\u00fcbner,35,"(0, 1, 1)",13.38251847098145
Defender,15771,S. Langkamp,38,"(1, 1, 0)",13.811190473666608
Defender,15772,M. Ostrzolek,33,"(1, 1, 0)",14.509896133318314
Defender,15775,P. Verhaegh,37,"(1, 0, 0)",14.190851126322553
Defender,15798,A. Beck,30,"(0, 1, 1)",14.801685065303078
Defender,15806,J. Vestergaard,36,"(1, 1, 0)",14.357887434092557
Defender,16443,L. Balogun,41,"(1, 1, 0)",13.390433593815334
Defender,16843,D. Heintz,37,"(1, 1, 0)",14.570020384299825
Defender,16884,J. Korb,36,"(1, 0, 0)",15.026054449327479
Defender,18579,M. Halstenberg,17,"(1, 1, 0)",13.858351262707972
Defender,18669,J. Hector,106,"(0, 1, 1)",14.128418428903712
Defender,18670,L. K\u00fcbler,35,"(1, 1, 0)",15.4589062668548
Defender,19720,M. Gulde,16,"(1, 1, 0)",13.699083610309248
Defender,20390,I. Abate,37,"(1, 1, 0)",14.16143302263497
Defender,20395,M. De Sciglio,92,"(0, 1, 1)",13.725257405290547
Defender,20429,N. Burdisso,27,"(1, 1, 0)",13.929315831806964
Defender,20433,S. Kj\u00e6r,45,"(0, 1, 1)",13.825650019538266
Defender,20434,A. Rosi,35,"(1, 1, 0)",13.982245022064577
Defender,20436,Jos\u00e9 \u00c1ngel,38,"(1, 1, 0)",15.4945641786912
Defender,20458,A. Barzagli,100,"(0, 1, 1)",13.546906582700196
Defender,20459,L. Bonucci,100,"(0, 1, 1)",14.09630127563674
Defender,20460,M. C\u00e1ceres,45,"(1, 1, 0)",14.449607302780466
Defender,20461,G. Chiellini,96,"(0, 1, 1)",14.534256826506894
Defender,20465,S. Lichtsteiner,106,"(0, 1, 1)",15.22666088826639
Defender,20495,M. Gobbi,38,"(0, 1, 1)",15.537398452497039
Defender,20516,D. Faraoni,38,"(0, 1, 1)",13.893422449941772
Defender,20517,Y. Nagatomo,45,"(1, 1, 0)",14.169926385303505
Defender,20518,Juan Jesus,35,"(1, 1, 0)",14.428327258926332
Defender,20550,\u015e. Radu,37,"(1, 1, 0)",13.130027809026451
Defender,20583,Danilo,37,"(0, 1, 1)",13.513367211486035
Defender,20609,A. Costa,26,"(0, 1, 1)",13.421412747945636
Defender,20635,F. Acerbi,38,"(1, 1, 0)",13.741589652013278
Defender,20636,M. Andreolli,38,"(0, 1, 1)",13.283042446159282
Defender,20638,D. Dainelli,38,"(0, 1, 1)",13.681836551237556
Defender,20677,A. Raggi,28,"(1, 1, 0)",14.52601159729658
Defender,20680,F. S\u00f8rensen,34,"(1, 1, 0)",13.51714777938323
Defender,20707,S. De Maio,38,"(1, 1, 0)",13.791777071110719
Defender,20748,N. Tomovi\u0107,38,"(0, 1, 1)",14.565598405350476
Defender,20776,L. Rossettini,36,"(1, 1, 0)",13.983565839182711
Defender,20803,M. Aguirregaray,13,"(1, 1, 0)",15.315024320488664
Defender,20811,M. Silvestre,36,"(0, 1, 1)",13.539681975313139
Defender,20841,A. Masiello,36,"(1, 1, 0)",13.807967083738639
Defender,20842,F. Peluso,37,"(1, 1, 0)",13.872615985252706
Defender,20855,E. Schelotto,30,"(0, 1, 1)",14.473089297320392
Defender,20866,D. Astori,26,"(1, 1, 0)",13.471073669277583
Defender,20927,L. De Silvestri,37,"(0, 1, 1)",15.196532605089427
Defender,20928,Felipe,34,"(1, 1, 0)",13.408562595320735
Defender,20929,A. Gamberini,35,"(0, 1, 1)",14.318019065565855
Defender,21001,E. Hysaj,101,"(0, 1, 1)",15.163296009121536
Defender,21004,V. Regini,39,"(1, 1, 0)",14.03826041888343
Defender,21094,D. D'Ambrosio,38,"(1, 1, 0)",14.08215244107036
Defender,21097,K. Glik,107,"(1, 0, 0)",13.540473643763397
Defender,21100,A. Ogbonna,99,"(0, 1, 1)",13.598966797043362
Defender,21164,F. Fern\u00e1ndez,39,"(1, 1, 0)",13.709624448445677
Defender,21173,C. Maggio,27,"(0, 1, 1)",14.276699775967387
Defender,21279,E. Moretti,38,"(1, 1, 0)",14.446177633851104
Defender,21280,M. Sampirisi,35,"(0, 1, 1)",13.647179862700371
Defender,21469,G. Donati,38,"(1, 0, 0)",13.65310551008897
Defender,21528,F. Ceccherini,38,"(0, 1, 1)",13.436890021359185
Defender,21550,Gabriel Silva,39,"(1, 1, 0)",14.660353195374256
Defender,21607,F. Cacciatore,36,"(0, 1, 1)",14.965494684458234
Defender,21639,L. Ceppitelli,35,"(1, 0, 0)",13.431389281606503
Defender,21842,C. Biraghi,37,"(1, 1, 0)",14.170916657808444
Defender,22185,B. Martella,38,"(0, 1, 1)",14.252178554573769
Defender,22270,G. Ferrari,34,"(0, 1, 1)",12.925517586850471
Defender,22313,V. Laurini,32,"(1, 1, 0)",13.732100461759806
Defender,22377,I. M'baye,37,"(1, 1, 0)",14.715926249323994
Defender,22732,F. Pisacane,39,"(0, 1, 1)",13.901820869786798
Defender,22883,A. Izzo,30,"(0, 1, 1)",13.959356415447841
Defender,25393,D. Lovren,48,"(1, 1, 0)",13.427838622037813
Defender,25397,S. Umtiti,106,"(0, 1, 1)",13.527241343365393
Defender,25399,M. Zeffane,26,"(1, 0, 0)",14.542190718778198
Defender,25427,C. Jallet,17,"(1, 1, 0)",14.047565132452235
Defender,25430,M. Sakho,32,"(1, 0, 0)",13.624218629277703
Defender,25457,J. Roussillon,35,"(0, 1, 1)",14.812356650230237
Defender,25523,K. Djidji,40,"(1, 1, 0)",13.852034956089426
Defender,25524,P. Djilobodji,36,"(0, 1, 1)",14.290571843078546
Defender,25526,J. Martins-Pereira,34,"(0, 1, 1)",14.527543694742715
Defender,25534,I. Cissokho,39,"(0, 1, 1)",14.823581867001423
Defender,25557,J. Morel,41,"(1, 1, 0)",14.179131720064778
Defender,25558,N. N'Koulou,38,"(1, 1, 0)",14.026270064483318
Defender,25625,L. Baal,32,"(1, 1, 0)",14.204035433709619
Defender,25638,D. Foulquier,29,"(0, 1, 1)",13.527878252196805
Defender,25641,K. Mangane,41,"(1, 1, 0)",13.841466136666249
Defender,25643,K. Th\u00e9ophile Catherine,41,"(1, 0, 0)",14.408034264361461
Defender,25700,M. Debuchy,14,"(1, 1, 0)",14.207361133019097
Defender,25710,A. Soumaoro,21,"(0, 1, 1)",14.09184810027156
Defender,25726,K. Koulibaly,45,"(0, 1, 1)",13.958194012541023
Defender,25786,D. Congr\u00e9,41,"(1, 1, 0)",13.674506865797362
Defender,25791,S. Yago,40,"(0, 1, 1)",13.744167746442029
Defender,25846,Y. Andreu,30,"(1, 1, 0)",14.444258492437417
Defender,25854,K. Zouma,38,"(1, 1, 0)",13.427838622037813
Defender,25864,L. Perrin,41,"(1, 1, 0)",14.375631096548027
Defender,25878,T. Heurtaux,23,"(1, 1, 0)",13.907517834413492
Defender,25883,J. Sorbon,40,"(1, 0, 0)",13.816647855669828
Defender,25919,J. Palmieri,20,"(1, 1, 0)",14.6567824211732
Defender,25937,F. Bellugou,38,"(0, 1, 1)",13.919339349652496
Defender,25943,C. Kerbrat,40,"(1, 1, 0)",13.940115675972075
Defender,25947,B. Sankoh,33,"(0, 1, 1)",13.896335452784243
Defender,25990,M. Deplagne,36,"(1, 1, 0)",14.630030601781293
Defender,25993,Hilton,33,"(1, 1, 0)",14.422631020861559
Defender,26021,S. Falette,36,"(0, 1, 1)",13.616880926063143
Defender,26086,I. Traor\u00e9,40,"(0, 1, 1)",13.484221219298743
Defender,26115,S. San\u00e9,43,"(0, 1, 1)",14.071714258692635
Defender,26134,P. Gouano,41,"(0, 1, 1)",13.936780429010428
Defender,26135,M. Le Marchand,41,"(1, 1, 0)",14.93341702296008
Defender,26138,J. Rivierez,39,"(1, 1, 0)",13.148619978792656
Defender,26196,D. Sidib\u00e9,42,"(1, 1, 0)",15.025171671436096
Defender,26265,V. Manceau,40,"(1, 1, 0)",13.397834771203653
Defender,26276,N. Pallois,40,"(0, 1, 1)",13.872650129662658
Defender,26307,A. Mandi,38,"(0, 1, 1)",14.532394023181427
Defender,26332,P. Baysse,29,"(1, 1, 0)",13.762152382774989
Defender,26368,A. Bamba,35,"(0, 1, 1)",14.606054688103125
Defender,26373,S. Souprayen,39,"(1, 1, 0)",13.693736075981537
Defender,26399,D. Da Silva,40,"(1, 0, 0)",13.944660708749744
Defender,26498,K. Lala,41,"(1, 0, 0)",14.927903563855603
Defender,26499,A. Masuaku,39,"(0, 1, 1)",14.298260415148166
Defender,26528,R. Genevois,40,"(0, 1, 1)",14.776356864016762
Defender,26633,A. Souquet,41,"(0, 1, 1)",14.305114446371327
Defender,26945,M. Poundj\u00e9,21,"(1, 1, 0)",15.224702036768214
Defender,27958,T. Pellenard,29,"(0, 1, 1)",14.247136202973332
Defender,28314,C. H\u00e9relle,41,"(1, 0, 0)",13.49898761411602
Defender,28335,R. Aguilar,40,"(1, 1, 0)",14.51963305573682
Defender,28528,J. Ikoko,40,"(1, 1, 0)",14.510764542266612
Defender,28529,Y. Sabaly,47,"(0, 1, 1)",14.66329375040456
Defender,28907,Rapha\u00ebl Guerreiro,106,"(0, 1, 1)",15.624795492093947
Defender,28908,F. Guilbert,41,"(1, 1, 0)",14.939575133460425
Defender,29291,J. Giraudon,34,"(1, 1, 0)",14.145003447123191
Defender,29474,R. Thomas,37,"(0, 1, 1)",13.502181644050061
Defender,29588,E. Seka,39,"(1, 1, 0)",14.584132225968641
Defender,29616,P. Martinez,41,"(1, 1, 0)",13.694127386011987
Defender,29748,F. Chafik,39,"(1, 1, 0)",14.114807185669621
Defender,30320,O. El Hajjam,39,"(0, 1, 1)",14.435722650763399
Defender,32959,P. Pekar\u00edk,99,"(0, 1, 1)",14.515197964962477
Defender,37745,J. Lukaku,97,"(0, 1, 1)",14.025690506543794
Defender,38079,D. Opare,20,"(1, 1, 0)",15.40987238614262
Defender,40301,Lucas Lima,40,"(1, 0, 0)",15.990653368243148
Defender,40538,Leandro Cast\u00e1n,12,"(1, 1, 0)",14.343262890715588
Defender,40539,Marquinhos,42,"(0, 1, 1)",14.833230385667576
Defender,40657,Wendell,38,"(1, 1, 0)",14.499931085575465
Defender,41034,Rafael Tol\u00f3i,36,"(1, 1, 0)",13.186273090312605
Defender,41127,Pablo,17,"(1, 1, 0)",14.032867067950198
Defender,41363,Gabriel,34,"(1, 0, 0)",13.154040821571714
Defender,44510,Vitor Hugo,35,"(0, 1, 1)",13.76420910581473
Defender,49856,D. Abraham,36,"(1, 1, 0)",14.03133602884899
Defender,49919,F. Moubandje,40,"(1, 1, 0)",14.507970459696196
Defender,49971,M. Bauer,16,"(1, 1, 0)",14.451910710556946
Defender,50007,B. Djimsiti,32,"(1, 1, 0)",13.874283962930088
Defender,50069,S. Widmer,30,"(1, 1, 0)",14.878994512025349
Defender,50102,F. Sch\u00e4r,106,"(0, 1, 1)",13.972652130998052
Defender,50805,F. Helander,34,"(1, 1, 0)",13.700727155769465
Defender,51064,E. Krafth,43,"(0, 1, 1)",13.675733542133374
Defender,51217,L. Augustinsson,46,"(1, 1, 0)",14.924208435848916
Defender,55979,M. J\u00f8rgensen,46,"(1, 1, 0)",13.978958371424307
Defender,56026,J. Stryger Larsen,41,"(0, 1, 1)",13.676966937738383
Defender,58978,G. Cameron,31,"(1, 1, 0)",14.435040222422247
Defender,64966,M. Suttner,23,"(0, 1, 1)",14.439977493551414
Defender,65075,M. Hinteregger,99,"(0, 1, 1)",13.580504255194011
Defender,65254,K. Wimmer,81,"(0, 1, 1)",12.65471355743679
Defender,68085,C. Kabasele,38,"(1, 1, 0)",13.595806657937707
Defender,69409,\u0160. Vrsaljko,108,"(0, 1, 1)",13.42719456339769
Defender,69525,M. Pavlovi\u0107,40,"(1, 0, 0)",13.938105887318546
Defender,70083,Danilo,40,"(1, 1, 0)",15.135250146513927
Defender,70084,Alex Sandro,39,"(1, 1, 0)",13.621988844356117
Defender,70086,N. Otamendi,46,"(1, 1, 0)",14.583291647266897
Defender,70088,Rolando,40,"(1, 1, 0)",13.338228383863273
Defender,70112,E. Garay,38,"(0, 1, 1)",13.123336969704505
Defender,70139,E. Ins\u00faa,29,"(1, 0, 0)",15.049894171254243
Defender,70389,C\u00e9dric Soares,104,"(0, 1, 1)",14.397667954140886
Defender,70451,Luisinho,38,"(0, 1, 1)",14.857744769749631
Defender,70507,Paulo Oliveira,38,"(1, 1, 0)",14.04284235107067
Defender,70711,Mexer,30,"(0, 1, 1)",13.582471253452235
Defender,70959,Edgar I\u00e9,40,"(1, 1, 0)",14.03525744587104
Defender,71703,V. Lindel\u00f6f,108,"(0, 1, 1)",14.25983503009203
Defender,77546,A. Williams,90,"(1, 1, 0)",14.060518283479407
Defender,82340,T. Gebre Selassie,99,"(0, 1, 1)",13.942319384323952
Defender,82487,P. Kade\u0159\u00e1bek,98,"(0, 1, 1)",14.25588265979573
Defender,86183,F. Roncaglia,38,"(0, 1, 1)",14.557023252963209
Defender,86220,G. Mercado,44,"(0, 1, 1)",14.575419091537109
Defender,86328,G. Pezzella,37,"(1, 1, 0)",13.886212386999924
Defender,86366,J. Palomino,36,"(0, 1, 1)",13.855671957558627
Defender,86716,M. Dos Santos,34,"(0, 1, 1)",13.757506682547085
Defender,91702,J. Mojica,42,"(1, 1, 0)",15.732927210952809
Defender,92899,J. Holebas,39,"(1, 1, 0)",14.896102079236845
Defender,92908,V. Torosidis,37,"(0, 1, 1)",14.484996322173588
Defender,92966,K. Manolas,35,"(1, 1, 0)",14.70797303797205
Defender,93000,Antunes,37,"(0, 1, 1)",14.223517281963616
Defender,93003,D. Siovas,34,"(1, 1, 0)",14.530349980616371
Defender,94695,H. Sakai,47,"(1, 1, 0)",15.348237777126595
Defender,97555,T. Tawatha,30,"(1, 1, 0)",13.128784159325907
Defender,99410,M. Kami\u0144ski,38,"(1, 0, 0)",13.3736355105512
Defender,99661,T. Cionek,99,"(0, 1, 1)",13.891321866834476
Defender,99833,B. Bereszy\u0144ski,43,"(1, 1, 0)",13.596877197018596
Defender,101742,C. Ansaldi,34,"(1, 1, 0)",15.506507833223003
Defender,105361,I. Strini\u0107,109,"(1, 1, 0)",14.336497202541866
Defender,105523,Danilo Avelar,34,"(1, 0, 0)",14.18107463228611
Defender,112366,M. Lay\u00fan,21,"(0, 1, 1)",14.068317672927934
Defender,112377,O. Vizcarrondo,33,"(1, 1, 0)",13.464802271753335
Defender,119951,Ahmed Hegazy,45,"(1, 0, 0)",13.384528062689055
Defender,125250,\u00d3. Duarte,26,"(1, 1, 0)",13.361686972382483
Defender,125286,G. Gonz\u00e1lez,40,"(0, 1, 1)",14.273855681962333
Defender,131184,Ali Adnan,33,"(1, 1, 0)",14.955377158656027
Defender,134102,N. Ak\u00e9,39,"(1, 0, 0)",13.922109086149034
Defender,134383,N. S\u00fcle,39,"(0, 1, 1)",13.646528960248164
Defender,134392,K. Akpoguma,28,"(0, 1, 1)",13.742226748721114
Defender,134420,F. Costa,36,"(1, 1, 0)",14.452959303411353
Defender,134427,D. Rugani,39,"(1, 1, 0)",13.643305025150642
Defender,134502,A. Laporte,38,"(0, 1, 1)",14.302165655993901
Defender,134503,C. Lenglet,38,"(0, 1, 1)",14.01133136252677
Defender,134540,L. Kurzawa,39,"(0, 1, 1)",14.243574488345601
Defender,135103,A. Christensen,46,"(1, 1, 0)",13.789926814675706
Defender,135901,Pedro Rebocho,39,"(1, 0, 0)",14.147585164882859
Defender,135903,Jo\u00e3o Cancelo,39,"(0, 1, 1)",16.398871859990912
Defender,136441,B. Davies,99,"(0, 1, 1)",15.016437946458927
Defender,138408,M. \u0160kriniar,99,"(0, 1, 1)",13.143398393412888
Defender,143566,Douglas Santos,34,"(0, 1, 1)",13.786445830661332
Defender,144867,K. Malcuit,40,"(0, 1, 1)",13.575118157226317
Defender,144884,C. Jullien,41,"(1, 1, 0)",14.264444867094927
Defender,146588,A. Romagnoli,35,"(1, 1, 0)",13.363533068626118
Defender,149019,D. Simpson,39,"(0, 1, 1)",14.670794698255287
Defender,149091,M. Tisserand,34,"(1, 1, 0)",15.232212805560016
Defender,149101,A. Tour\u00e9,37,"(1, 1, 0)",15.377302665590113
Defender,149389,J. Toljan,34,"(1, 1, 0)",14.228126666167377
Defender,167145,Beller\u00edn,39,"(0, 1, 1)",14.92021807020109
Defender,169002,Diego Rico,39,"(0, 1, 1)",14.503515010879116
Defender,173212,N. Stark,35,"(1, 1, 0)",14.031286684620284
Defender,203113,I. Sylla,37,"(0, 1, 1)",14.252309119181923
Defender,208865,Bastos,34,"(1, 1, 0)",14.57088019114381
Defender,209012,K\u00e9vin Rodrigues,37,"(0, 1, 1)",14.882602352313341
Defender,211853,R\u00faben Vezo,38,"(0, 1, 1)",13.472983754582527
Defender,213124,Chema,38,"(0, 1, 1)",13.373324607290636
Defender,213308,J. Alonso,40,"(0, 1, 1)",15.060592295419537
Defender,214628,J. Amavi,38,"(1, 0, 0)",15.248348841879569
Defender,214710,B. Dibassy,40,"(1, 0, 0)",14.255258195062423
Defender,215281,A. Mbengue,41,"(1, 1, 0)",15.816890389589272
Defender,216074,C. G\u00fcnter,37,"(1, 1, 0)",15.027278389562275
Defender,221172,A. Hack,23,"(1, 1, 0)",13.559191581518744
Defender,221411,P. Max,37,"(1, 1, 0)",14.737520438573686
Defender,222220,A. Robertson,38,"(1, 1, 0)",15.130039734683102
Defender,222766,Bruno Gaspar,36,"(0, 1, 1)",16.577965057754653
Defender,222770,N\u00e9lson Semedo,39,"(0, 1, 1)",14.965580448087227
Defender,223516,R. Bauer,28,"(1, 1, 0)",13.932536723004995
Defender,224593,J. Kimmich,105,"(0, 1, 1)",15.765415114800026
Defender,225022,Rub\u00e9n Duarte,31,"(0, 1, 1)",14.15192265341458
Defender,225996,Diego Llorente,34,"(0, 1, 1)",14.380799352529491
Defender,227894,J. Gim\u00e9nez,45,"(0, 1, 1)",13.563510401595991
Defender,228639,Y. Gerhardt,24,"(1, 1, 0)",14.412005698359543
Defender,228768,J. Tah,36,"(1, 1, 0)",14.24625234452196
Defender,228963,H. Traor\u00e9,41,"(1, 1, 0)",14.421793687039957
Defender,229427,A. Djiku,40,"(1, 1, 0)",13.88160003852605
Defender,230862,Lekue,37,"(0, 1, 1)",14.334553987742419
Defender,231138,P. Kimpembe,42,"(0, 1, 1)",13.965484100923332
Defender,232822,A. Masina,38,"(0, 1, 1)",14.530282079480516
Defender,235450,A. Diallo,37,"(1, 1, 0)",13.562981005634086
Defender,235597,T. Baumgartl,37,"(0, 1, 1)",14.277974953770066
Defender,235606,T. Kehrer,37,"(1, 1, 0)",14.099378504163147
Defender,236528,N. Elvedi,37,"(1, 1, 0)",15.459981386756262
Defender,241966,G. Jung,38,"(1, 1, 0)",14.438791134012176
Defender,242446,L. Dubois,40,"(1, 1, 0)",14.304012342469678
Defender,246059,E. Goldaniga,17,"(1, 1, 0)",13.950859283683933
Defender,246866,A. Mawson,39,"(1, 1, 0)",14.259655694574553
Defender,247169,Diego Gonz\u00e1lez,38,"(1, 1, 0)",14.662733115061418
Defender,248950,Samir,38,"(0, 1, 1)",13.534776373315003
Defender,252365,D. Yedlin,34,"(1, 0, 0)",16.5017047448514
Defender,255387,C. Salcedo,42,"(1, 0, 0)",13.825075735469728
Defender,256998,E. Bailly,39,"(1, 1, 0)",13.765972404673828
Defender,257028,D. Calabria,33,"(1, 1, 0)",15.009585128072626
Defender,257762,D. S\u00e1nchez,44,"(1, 1, 0)",13.7188887779353
Defender,257899,J. Gomez,37,"(1, 1, 0)",14.709874028400082
Defender,258252,L. Klostermann,37,"(1, 1, 0)",13.562057738988548
Defender,258263,V. Jovanovi\u0107,18,"(0, 1, 1)",13.919919614988922
Defender,263105,Pablo Maffeo,38,"(0, 1, 1)",14.08332515045711
Defender,263433,A. Ferrari,39,"(1, 1, 0)",14.130161390692962
Defender,263766,Jemerson,41,"(1, 1, 0)",14.764235309622418
Defender,263803,T. Castagne,36,"(1, 0, 0)",15.042784142995579
Defender,266286,Marlon,36,"(0, 1, 1)",13.627309214887726
Defender,268776,W. Hoedt,35,"(1, 0, 0)",14.187258020974905
Defender,270866,Diego Carlos,36,"(1, 1, 0)",14.014345521893496
Defender,272338,L. Kl\u00fcnter,23,"(1, 1, 0)",14.790477764602118
Defender,272378,P. Stenzel,35,"(1, 1, 0)",14.386635499826312
Defender,272434,W. Anton,33,"(1, 1, 0)",13.856957157638174
Defender,275384,Jorge Mer\u00e9,34,"(1, 0, 0)",14.009929179313644
Defender,276979,F. Mendy,38,"(0, 1, 1)",15.1441697056585
Defender,278049,E. Cabaco,22,"(0, 1, 1)",13.42699020584635
Defender,278288,Aritz Elustondo,36,"(0, 1, 1)",13.936539249411476
Defender,278867,S. Janko,26,"(1, 1, 0)",15.36543001714591
Defender,279545,L. Hern\u00e1ndez,47,"(0, 1, 1)",14.780803836452478
Defender,280419,H. Hateboer,37,"(1, 1, 0)",14.498790853904216
Defender,282550,F. Hadergjonaj,33,"(1, 1, 0)",14.913234643912034
Defender,283832,F. Romagna,31,"(1, 1, 0)",14.610001086863637
Defender,286380,I. Diop,38,"(1, 1, 0)",14.715830320244326
Defender,286825,J. Kenny,21,"(0, 1, 1)",15.666294652197658
Defender,286915,F. Eboa Eboa,35,"(0, 1, 1)",14.183620393628324
Defender,286917,F. Tour\u00e9,40,"(0, 1, 1)",14.932667940886668
Defender,288663,M. Caldara,36,"(0, 1, 1)",13.740646660707771
Defender,290119,M. Niakhat\u00e9,39,"(1, 0, 0)",13.907015436212093
Defender,295176,R. Gosens,37,"(0, 1, 1)",14.074625462716346
Defender,297957,M. Akanji,21,"(0, 1, 1)",13.418378758923621
Defender,298212,Dalbert,24,"(0, 1, 1)",15.107069957329774
Defender,300784,Jorge,37,"(1, 1, 0)",14.417297861263155
Defender,301013,J. Gelin,29,"(0, 1, 1)",13.822414647178451
Defender,326535,Toni Lato,34,"(0, 1, 1)",13.75360355513899
Defender,334720,R. Bensebaini,41,"(0, 1, 1)",15.066253258610425
Defender,336829,R. Koch,28,"(0, 1, 1)",14.406324187104673
Defender,337682,F. Uduokhai,37,"(1, 1, 0)",13.699842059865052
Defender,339964,Y. Salmier,31,"(1, 1, 0)",14.235749695001816
Defender,340646,B. Pavard,47,"(1, 1, 0)",12.950533513111843
Defender,341973,N. Mukiele,38,"(1, 1, 0)",14.805333160551719
Defender,343685,William,35,"(1, 1, 0)",14.923182790486676
Defender,344068,Unai N\u00fa\u00f1ez,38,"(0, 1, 1)",13.506397991617488
Defender,344132,T. Hern\u00e1ndez,34,"(0, 1, 1)",15.65331599737703
Defender,344178,P. Retsos,32,"(1, 1, 0)",15.632736976373774
Defender,344864,C. S\u00f6y\u00fcnc\u00fc,33,"(1, 0, 0)",13.95927366568136
Defender,346101,T. Alexander-Arnold,40,"(1, 0, 0)",15.786447162435401
Defender,350976,B. Chilwell,31,"(1, 1, 0)",15.575700920581143
Defender,352986,K. Amian,41,"(1, 1, 0)",14.196233749345414
Defender,352988,D. Upamecano,37,"(1, 1, 0)",14.148023636440868
Defender,355937,M. Holgate,29,"(0, 1, 1)",14.341115206724899
Defender,364772,C. Awaziem,37,"(1, 1, 0)",13.540931317674046
Defender,365441,R. van Drongelen,34,"(1, 1, 0)",13.69612703953318
Defender,366217,K. Danso,30,"(1, 1, 0)",14.866556353219492
Defender,366563,V. Selimovic,22,"(1, 0, 0)",13.880173115697357
Defender,366581,J. Gnagnon,41,"(1, 0, 0)",13.918074187662906
Defender,376362,Luiz Felipe,34,"(0, 1, 1)",14.840083252148442
Defender,379209,D. Rice,39,"(0, 1, 1)",13.945100701869118
Defender,388398,G. Pezzella,36,"(0, 1, 1)",14.445001999506065
Defender,393228,M. Sarr,38,"(1, 1, 0)",15.45131402740745
Defender,393247,I. Konat\u00e9,31,"(1, 1, 0)",14.149988665489154
Defender,393284,C. Traor\u00e9,40,"(0, 1, 1)",13.615368119149112
Defender,396616,R. Pierre-Gabriel,35,"(1, 1, 0)",14.452881120661191
Defender,397168,T. Fosu-Mensah,29,"(1, 1, 0)",15.18422692948483
Defender,410055,Rober,33,"(1, 1, 0)",13.837193152641182
Defender,410062,J. Kound\u00e9,18,"(1, 1, 0)",15.105406286308648
Defender,417231,C. Adjapong,37,"(1, 1, 0)",15.317010796336863
Defender,424241,N. Milenkovi\u0107,26,"(1, 1, 0)",13.996821149623495
Defender,489488,Mart\u00edn,23,"(1, 1, 0)",14.78703618328278
Forward,118,M. Depay,41,"(1, 1, 0)",20.03771812993945
Forward,122,D. Mertens,109,"(0, 1, 1)",21.039438859553
Forward,123,O. Toivonen,47,"(1, 0, 0)",19.881959645382416
Forward,151,J. Guidetti,106,"(0, 1, 1)",20.613455220125942
Forward,382,Suk Hyun-Jun,35,"(1, 1, 0)",22.015101299676076
Forward,471,W. Bony,21,"(0, 1, 1)",21.152143737655162
Forward,1751,O. Tannane,35,"(0, 1, 1)",19.793066011563592
Forward,3290,Aduriz,100,"(0, 1, 1)",20.1252412718426
Forward,3291,Paco Alc\u00e1cer,39,"(0, 1, 1)",19.922862440992063
Forward,3293,P. Piatti,39,"(0, 1, 1)",20.157386781681417
Forward,3313,Jos\u00e9 Callej\u00f3n,39,"(0, 1, 1)",20.546038249827312
Forward,3321,K. Benzema,38,"(0, 1, 1)",20.47981729746088
Forward,3322,Cristiano Ronaldo,106,"(0, 1, 1)",22.5211647877151
Forward,3323,G. Higua\u00edn,44,"(1, 1, 0)",20.831851024695556
Forward,3327,Joselu,38,"(1, 1, 0)",19.884093436570158
Forward,3348,Deulofeu,37,"(0, 1, 1)",21.477444217330362
Forward,3358,Cristian Tello,37,"(1, 1, 0)",23.111971237098206
Forward,3359,L. Messi,45,"(0, 1, 1)",26.161241449045136
Forward,3360,Pedro,100,"(0, 1, 1)",22.026111797226473
Forward,3361,A. S\u00e1nchez,37,"(1, 1, 0)",21.744328740283972
Forward,3425,Muniain,38,"(0, 1, 1)",22.26080726932917
Forward,3450,R. Falcao,47,"(1, 1, 0)",20.043111277074665
Forward,3451,Adri\u00e1n L\u00f3pez,38,"(0, 1, 1)",20.080705520732725
Forward,3475,D. Perotti,34,"(1, 1, 0)",21.84540436104213
Forward,3576,Juanmi,38,"(0, 1, 1)",21.366857362486172
Forward,3577,S. Rond\u00f3n,39,"(1, 0, 0)",19.911271500957373
Forward,3605,Jorge Molina,38,"(0, 1, 1)",19.63497890645628
Forward,3682,A. Griezmann,109,"(0, 1, 1)",21.06031653024572
Forward,3685,C. Vela,45,"(0, 1, 1)",21.991777658807628
Forward,3710,K. Babacar,38,"(1, 1, 0)",19.887255236398143
Forward,3714,C. Stuani,45,"(0, 1, 1)",19.339482039138108
Forward,3816,Sergio Garc\u00eda,37,"(0, 1, 1)",21.087566031604666
Forward,3874,Kike Garc\u00eda,37,"(1, 1, 0)",21.390336468672675
Forward,3875,Borja Bast\u00f3n,37,"(1, 1, 0)",18.977989113681776
Forward,3937,Roger,16,"(1, 1, 0)",19.606839625359083
Forward,4048,Sergi Enrich,20,"(1, 1, 0)",21.047937491423742
Forward,4131,\u00c1ngel,38,"(0, 1, 1)",19.02664920614592
Forward,4440,Borja Valle,38,"(0, 1, 1)",20.45693656063658
Forward,4498,Lucas V\u00e1zquez,103,"(0, 1, 1)",21.29910468591634
Forward,5147,Choco Lozano,13,"(0, 1, 1)",18.895570284964933
Forward,5167,Mariano D\u00edaz,40,"(1, 1, 0)",19.912528056908442
Forward,5268,Sergio Le\u00f3n,35,"(0, 1, 1)",18.98035262790763
Forward,5400,Gerard Moreno,39,"(0, 1, 1)",20.90174197532455
Forward,5481,Guerrero,39,"(0, 1, 1)",21.391784460631882
Forward,5911,Sandro,40,"(1, 1, 0)",20.29917822018258
Forward,6165,F. Andone,99,"(1, 0, 0)",19.189927038846292
Forward,7879,T. Walcott,38,"(0, 1, 1)",18.906885067915002
Forward,7904,S. Kalou,38,"(1, 1, 0)",21.951786814225535
Forward,7905,R. Lukaku,109,"(0, 1, 1)",19.9318876189257
Forward,7908,Fernando Torres,38,"(0, 1, 1)",22.380681645012093
Forward,7941,J. Hern\u00e1ndez,46,"(1, 1, 0)",19.56242573440833
Forward,7944,W. Rooney,98,"(0, 1, 1)",22.58480015166366
Forward,7970,A. Carroll,34,"(1, 1, 0)",27.230654415199073
Forward,7972,L. Su\u00e1rez,42,"(1, 1, 0)",19.881931444653887
Forward,8148,Iago Falqu\u00e9,38,"(1, 1, 0)",22.408123574947673
Forward,8278,G. Bale,101,"(0, 1, 1)",22.547274152028855
Forward,8296,J. Defoe,38,"(1, 0, 0)",20.590107374612494
Forward,8325,S. Ag\u00fcero,46,"(1, 1, 0)",19.952948500364197
Forward,8326,M. Balotelli,39,"(1, 1, 0)",27.31570038326156
Forward,8327,E. D\u017eeko,38,"(1, 1, 0)",20.6201140185756
Forward,8384,S. Long,100,"(0, 1, 1)",20.272070557775795
Forward,8416,G. Murray,38,"(0, 1, 1)",18.997513059908933
Forward,8628,F. Di Santo,36,"(1, 1, 0)",19.47530497852244
Forward,8677,M. Antonio,30,"(1, 1, 0)",19.158863564650773
Forward,8686,H. Robson-Kanu,98,"(0, 1, 1)",18.873059653948218
Forward,8717,H. Kane,109,"(0, 1, 1)",19.223446190083514
Forward,8747,P. Crouch,38,"(0, 1, 1)",19.31233497077555
Forward,8903,T. Deeney,37,"(1, 1, 0)",21.42014332211702
Forward,8953,C. Austin,39,"(1, 1, 0)",19.581260221646087
Forward,8958,J. Rodriguez,39,"(1, 0, 0)",20.21670438343759
Forward,9123,A. Barnes,37,"(1, 1, 0)",22.45212000704863
Forward,9127,S. Vokes,98,"(0, 1, 1)",20.9886203260941
Forward,9206,C. Wood,35,"(0, 1, 1)",21.186378484131335
Forward,9532,S. Berahino,32,"(1, 1, 0)",19.300298375545964
Forward,9637,J. King,39,"(1, 0, 0)",21.369298343827307
Forward,10663,A. Gray,39,"(1, 1, 0)",18.8133472786847
Forward,11063,Suso,37,"(1, 1, 0)",21.740794087447327
Forward,11066,R. Sterling,109,"(0, 1, 1)",20.430486452518533
Forward,11156,M. Trotta,38,"(0, 1, 1)",20.926818501118323
Forward,11669,C. Wilson,27,"(1, 1, 0)",20.675484111264527
Forward,12536,D. Gayle,39,"(1, 1, 0)",19.052606357482002
Forward,12829,J. Vardy,107,"(0, 1, 1)",20.451467177235394
Forward,14703,M. Arnautovi\u0107,100,"(0, 1, 1)",20.375156259646364
Forward,14705,N. F\u00fcllkrug,38,"(1, 0, 0)",22.710554544633737
Forward,14707,C. Pizarro,31,"(0, 1, 1)",20.22989972047076
Forward,14731,M. G\u00f3mez,106,"(0, 1, 1)",18.771787315263126
Forward,14732,T. M\u00fcller,106,"(0, 1, 1)",24.437287746547657
Forward,14734,N. Petersen,37,"(1, 1, 0)",19.696132223776228
Forward,14760,M. Harnik,99,"(0, 1, 1)",19.730976868323317
Forward,14762,V. Ibi\u0161evi\u0107,38,"(1, 0, 0)",19.311787534186095
Forward,14763,S. Okazaki,46,"(0, 1, 1)",20.3182426489196
Forward,14789,A. Sch\u00fcrrle,99,"(0, 1, 1)",20.511650964239543
Forward,14817,R. Lewandowski,107,"(0, 1, 1)",20.970694607542463
Forward,14845,D. Ginczek,33,"(1, 1, 0)",19.3867945917916
Forward,14911,Son Heung-Min,45,"(0, 1, 1)",23.243039734795282
Forward,14943,M. Mand\u017euki\u0107,109,"(0, 1, 1)",20.595278521601884
Forward,14945,G. Sio,40,"(1, 1, 0)",19.941598235190536
Forward,15004,I. Santini,41,"(1, 1, 0)",18.71891207218071
Forward,15020,M. Leckie,44,"(1, 0, 0)",20.622828170788747
Forward,15024,M. Reus,20,"(0, 1, 1)",20.353711267360765
Forward,15051,L. Stindl,35,"(1, 1, 0)",22.362154830927462
Forward,15054,M. Diouf,45,"(1, 1, 0)",22.70727374250402
Forward,15085,S. Wagner,37,"(1, 0, 0)",20.965800791709732
Forward,15107,Raffael,37,"(1, 1, 0)",23.21955081874372
Forward,15198,E. Choupo-Moting,31,"(1, 1, 0)",19.789193080021754
Forward,15200,\u00c1. Szalai,99,"(0, 1, 1)",20.19238329785522
Forward,15231,K. Volland,37,"(1, 1, 0)",20.162658314766198
Forward,15232,B. Wood,38,"(1, 0, 0)",19.473760734983717
Forward,15292,M. Uth,38,"(1, 0, 0)",20.2404092457063
Forward,15533,M. Terrazzino,37,"(1, 1, 0)",21.92348473278108
Forward,15543,S. Zoller,34,"(1, 1, 0)",22.990979498521273
Forward,15808,Roberto Firmino,47,"(1, 0, 0)",23.748104188795764
Forward,15877,A. Hahn,29,"(1, 1, 0)",19.695003463363346
Forward,16025,M. Kruse,38,"(1, 1, 0)",20.969373784413555
Forward,16094,S. Terodde,38,"(0, 1, 1)",19.392378303282424
Forward,16122,E. Kachunga,32,"(0, 1, 1)",19.26868869021747
Forward,16436,C. Quaner,36,"(1, 0, 0)",20.681748743921936
Forward,19392,M. Philipp,37,"(1, 1, 0)",22.567138505045797
Forward,20418,S. El Shaarawy,99,"(0, 1, 1)",21.969856030762926
Forward,20422,Maxi L\u00f3pez,33,"(1, 1, 0)",19.69180121519108
Forward,20449,F. Borini,37,"(1, 1, 0)",21.77814857877686
Forward,20450,Bojan,31,"(0, 1, 1)",21.5176842239101
Forward,20476,M. Borriello,15,"(0, 1, 1)",20.4198329678441
Forward,20478,A. Matri,35,"(0, 1, 1)",20.163036146570132
Forward,20479,F. Quagliarella,37,"(0, 1, 1)",19.557520161634613
Forward,20503,S. Floccari,35,"(0, 1, 1)",21.57319692775141
Forward,20505,S. Okaka,35,"(0, 1, 1)",20.043025717661703
Forward,20536,G. Pazzini,39,"(1, 1, 0)",18.850026413190772
Forward,20626,Eder,100,"(0, 1, 1)",21.347898051777847
Forward,20661,A. Paloschi,36,"(1, 1, 0)",20.788512383841557
Forward,20662,S. Pellissier,30,"(0, 1, 1)",19.734826333464923
Forward,20663,C. Th\u00e9r\u00e9au,27,"(1, 1, 0)",19.752876066317484
Forward,20692,I. Belfodil,32,"(1, 1, 0)",20.223640364601295
Forward,20796,M. Destro,37,"(1, 1, 0)",19.081778398058525
Forward,20820,J. Ili\u010di\u0107,37,"(1, 1, 0)",19.91893036026685
Forward,20857,M. Gabbiadini,35,"(1, 1, 0)",19.695253809871737
Forward,20941,A. Ljaji\u0107,44,"(1, 1, 0)",21.85393961555218
Forward,20948,S. Joveti\u0107,27,"(1, 1, 0)",21.23415173029205
Forward,20949,Ryder Matos,33,"(1, 0, 0)",19.22915331849849
Forward,21077,A. G\u00f3mez,37,"(0, 1, 1)",19.80866256440351
Forward,21114,M. Antenucci,37,"(0, 1, 1)",19.16457128906878
Forward,21123,S. Verdi,38,"(1, 1, 0)",20.861871874624235
Forward,21177,G. Pandev,37,"(0, 1, 1)",20.11815569596533
Forward,21234,A. Belotti,38,"(1, 1, 0)",19.37273212946819
Forward,21296,R. Palacio,37,"(1, 1, 0)",20.739972149692925
Forward,21376,G. Caprari,39,"(1, 1, 0)",22.000583856711167
Forward,21384,C. Immobile,98,"(0, 1, 1)",18.314299131098277
Forward,21438,R. Inglese,38,"(0, 1, 1)",19.520820984879943
Forward,21655,A. Stoian,38,"(0, 1, 1)",19.440384718991886
Forward,21861,D. Falcinelli,37,"(0, 1, 1)",19.30618885248127
Forward,21865,M. Sau,38,"(0, 1, 1)",19.717992511760926
Forward,22202,S. Zaza,100,"(0, 1, 1)",19.60803098750393
Forward,22578,N. Sansone,38,"(0, 1, 1)",19.980544334898624
Forward,22699,A. Ragusa,37,"(1, 1, 0)",19.597934183905572
Forward,22933,L. Pavoletti,36,"(0, 1, 1)",20.20510694538462
Forward,23149,G. Defrel,31,"(1, 1, 0)",19.539368768545252
Forward,24269,M. Coda,38,"(0, 1, 1)",20.351323889483158
Forward,24964,M. Pucciarelli,35,"(0, 1, 1)",20.462053462481535
Forward,25410,A. Pl\u00e9a,41,"(1, 1, 0)",23.002892089863096
Forward,25411,J. Briand,40,"(1, 0, 0)",20.98302099175419
Forward,25413,A. Lacazette,39,"(0, 1, 1)",20.541044400485646
Forward,25445,K. Gameiro,35,"(0, 1, 1)",19.111754276633995
Forward,25512,S. Haller,37,"(0, 1, 1)",19.820856252065333
Forward,25571,J. Ayew,39,"(1, 1, 0)",21.71813715371311
Forward,25572,A. Ayew,39,"(0, 1, 1)",20.222683841114094
Forward,25577,L. R\u00e9my,35,"(1, 1, 0)",21.314416242788244
Forward,25622,T. Hazard,44,"(1, 1, 0)",20.523756216987394
Forward,25673,S. Bahoken,41,"(1, 0, 0)",19.466987773185277
Forward,25707,E. Hazard,109,"(0, 1, 1)",24.282430169423577
Forward,25715,R. Rodelin,41,"(0, 1, 1)",21.562131779198374
Forward,25716,N. Roux,39,"(1, 1, 0)",21.048025676942427
Forward,25745,A. Delort,40,"(1, 1, 0)",21.542317477168496
Forward,25747,S. Man\u00e9,46,"(0, 1, 1)",21.07790154021432
Forward,25770,F. Thauvin,41,"(1, 1, 0)",22.999568663072242
Forward,25795,W. Ben Yedder,37,"(0, 1, 1)",20.76619538885378
Forward,25809,E. Rivi\u00e8re,36,"(0, 1, 1)",21.199389773018492
Forward,25860,M. Gradel,38,"(1, 1, 0)",22.198190632381287
Forward,25867,P. Aubameyang,38,"(1, 1, 0)",19.34205439426924
Forward,25889,R. Hamouma,41,"(1, 1, 0)",19.850608588461128
Forward,25923,N. de Pr\u00e9ville,40,"(1, 1, 0)",19.66159441697143
Forward,26008,S. Camara,37,"(1, 1, 0)",19.48626942855826
Forward,26010,O. Giroud,109,"(0, 1, 1)",20.90676836506382
Forward,26042,K. Monnet-Paquet,35,"(1, 0, 0)",19.758282208678313
Forward,26044,G. Sunu,37,"(0, 1, 1)",20.432634549503447
Forward,26069,H. Bazile,33,"(1, 1, 0)",20.52408401491175
Forward,26167,C. Beauvue,35,"(1, 1, 0)",19.251448201207012
Forward,26327,I. Saadi,40,"(1, 1, 0)",21.33320755635501
Forward,26543,J. Blayac,35,"(1, 0, 0)",20.17267356698797
Forward,26547,B. Ketkeophomphone,17,"(0, 1, 1)",22.21108616582913
Forward,26638,K. Toko Ekambi,40,"(0, 1, 1)",21.707377279994823
Forward,27354,J\u00falio Tavares,39,"(1, 1, 0)",20.20094720808644
Forward,28073,S. Ngom,20,"(0, 1, 1)",20.558642249210692
Forward,28122,Y. Benzia,40,"(0, 1, 1)",21.34751713548912
Forward,28123,C. N'Jie,40,"(1, 1, 0)",17.365682868112426
Forward,28965,O. Nguette,37,"(1, 1, 0)",19.688891832804305
Forward,32636,C. Tosun,99,"(0, 1, 1)",18.797905906497057
Forward,37831,C. Bacca,44,"(0, 1, 1)",19.493192418743618
Forward,37948,A. Finnbogason,106,"(0, 1, 1)",20.464325969571387
Forward,38031,C. Benteke,98,"(0, 1, 1)",20.229221863833907
Forward,38093,M. Batshuayi,105,"(0, 1, 1)",23.67299818035157
Forward,38095,S. Gakp\u00e9,34,"(1, 0, 0)",19.617522918771606
Forward,38377,L. Depoitre,35,"(0, 1, 1)",18.8133472786847
Forward,40810,Neymar,47,"(1, 1, 0)",24.62494057888989
Forward,48318,Jonathan Cafu,19,"(1, 1, 0)",22.14728578265033
Forward,49907,R. Bobadilla,29,"(0, 1, 1)",21.696881643613082
Forward,50023,J. Drmic,32,"(1, 1, 0)",24.629156949139155
Forward,55968,M. Braithwaite,21,"(1, 1, 0)",20.19025289183371
Forward,56274,Y. Poulsen,44,"(1, 1, 0)",20.21196416958258
Forward,64995,G. Burgstaller,36,"(1, 1, 0)",20.724125228770987
Forward,65180,M. Gregoritsch,37,"(0, 1, 1)",21.67227351391457
Forward,69411,A. Kramari\u0107,109,"(0, 1, 1)",18.607895833313673
Forward,69513,A. Budimir,26,"(0, 1, 1)",19.391134735969146
Forward,69616,A. Rebi\u0107,44,"(0, 1, 1)",20.8816682963018
Forward,70125,Nolito,100,"(0, 1, 1)",21.13302345576112
Forward,70129,Rodrigo,45,"(0, 1, 1)",22.200986487375
Forward,70975,Bruma,37,"(1, 1, 0)",21.9527511283435
Forward,72397,Simy,42,"(0, 1, 1)",19.460611730863466
Forward,82266,L. Krej\u010d\u00ed,97,"(0, 1, 1)",20.264082204103268
Forward,85438,R. Beri\u010d,16,"(0, 1, 1)",19.957901413307248
Forward,86239,G. Carrillo,32,"(1, 1, 0)",18.55642228148058
Forward,86243,D. Zapata,32,"(1, 1, 0)",19.33029187575311
Forward,86307,L. Vietto,38,"(0, 1, 1)",19.80844759213446
Forward,86338,L. Ocampos,39,"(1, 0, 0)",22.16214292819709
Forward,86517,P. De Blasis,38,"(1, 1, 0)",20.365165143785173
Forward,89186,P. Dybala,39,"(1, 1, 0)",23.062282066143794
Forward,90880,S. Mendoza,12,"(0, 1, 1)",21.059124340941132
Forward,91381,J. Izquierdo,37,"(1, 1, 0)",20.65684855754932
Forward,91519,J. C\u00f3rdoba,36,"(1, 1, 0)",21.352844668960568
Forward,93331,K. Mitroglou,28,"(1, 1, 0)",19.453695161711465
Forward,94764,Y. Muto,39,"(0, 1, 1)",18.078838197651617
Forward,94831,Y. \u014csako,44,"(1, 1, 0)",20.361815713857283
Forward,97582,M. Konat\u00e9,44,"(1, 0, 0)",19.96627691674252
Forward,99452,A. Milik,102,"(0, 1, 1)",22.642234994736096
Forward,99453,P. Nakoulma,38,"(1, 1, 0)",20.587895268378457
Forward,101635,F. Caicedo,36,"(1, 1, 0)",20.587123142440177
Forward,101795,L. Traor\u00e9,31,"(1, 1, 0)",19.025712443360838
Forward,105376,N. Kalini\u0107,99,"(0, 1, 1)",21.577189804561563
Forward,105541,Lucas P\u00e9rez,35,"(1, 1, 0)",21.519477360056086
Forward,105619,A. Mehmedi,91,"(0, 1, 1)",22.80807392371725
Forward,105622,A. Yarmolenko,98,"(0, 1, 1)",21.238252203974405
Forward,115933,G. Lapadula,38,"(1, 1, 0)",19.433078288541726
Forward,116283,D. Rol\u00e1n,35,"(1, 1, 0)",19.487138449883755
Forward,119630,I. Slimani,36,"(1, 1, 0)",19.33115125025796
Forward,120353,Mohamed Salah,45,"(0, 1, 1)",23.44160032394987
Forward,131321,C. Kouakou,39,"(1, 0, 0)",19.527446855315826
Forward,134249,Rub\u00e9n Sobrino,39,"(0, 1, 1)",22.309172043654314
Forward,134351,B. Afobe,21,"(1, 1, 0)",19.28487572137976
Forward,134399,D. Selke,30,"(1, 1, 0)",20.860186094590716
Forward,134494,V. Germain,40,"(1, 1, 0)",21.095172417854343
Forward,134512,C. Jean,40,"(1, 1, 0)",19.776613828229586
Forward,134513,A. Martial,99,"(0, 1, 1)",20.11955989429671
Forward,134708,D. Origi,99,"(0, 1, 1)",18.64592275856668
Forward,134769,Y. Carrasco,107,"(0, 1, 1)",21.225545450187177
Forward,135150,A. Cornelius,44,"(0, 1, 1)",19.605457402105422
Forward,135810,M. Pjaca,107,"(0, 1, 1)",18.607895833313673
Forward,135927,Andr\u00e9 Silva,45,"(1, 1, 0)",21.28293713709229
Forward,142755,B. Traor\u00e9,41,"(1, 1, 0)",21.40604074947156
Forward,143189,C. Ninga,41,"(1, 1, 0)",20.568172386359795
Forward,145692,O. Niasse,33,"(1, 1, 0)",17.797212318503274
Forward,149054,W. Sa\u00efd,35,"(0, 1, 1)",20.86165065088282
Forward,165431,K. Karaman,36,"(1, 0, 0)",20.953324139262
Forward,173214,T. Werner,45,"(1, 1, 0)",20.612328590656123
Forward,206314,M. Icardi,38,"(1, 1, 0)",20.75303751877973
Forward,208696,M. Politano,38,"(1, 1, 0)",23.18317448371121
Forward,209400,D. Berardi,38,"(1, 1, 0)",19.158196604190337
Forward,214654,S. Mouni\u00e9,39,"(1, 1, 0)",19.970560374738206
Forward,215130,Nuno Da Costa,29,"(1, 1, 0)",20.229776917233107
Forward,217878,L. Diony,19,"(1, 1, 0)",22.25087024263063
Forward,219350,A. Niane,41,"(0, 1, 1)",19.413297199393696
Forward,224801,I. Bebou,35,"(1, 0, 0)",20.40434091575742
Forward,225946,A. Sanabria,37,"(1, 1, 0)",19.989947970593196
Forward,228765,T. Kleindienst,37,"(1, 1, 0)",19.63665616288498
Forward,228902,J. Calleri,39,"(0, 1, 1)",19.81509278890046
Forward,229697,Y. Bammou,38,"(1, 1, 0)",22.625506562370987
Forward,230687,E. Berggreen,19,"(1, 1, 0)",20.29496893217944
Forward,230883,Ayoze P\u00e9rez,39,"(1, 1, 0)",21.85835620976368
Forward,231139,K. Coman,88,"(0, 1, 1)",20.87270341218325
Forward,233910,A. Donis,38,"(1, 0, 0)",18.4205318824956
Forward,234359,P. Schick,35,"(0, 1, 1)",22.987000941358747
Forward,234533,S. Perica,38,"(0, 1, 1)",19.455070407281923
Forward,237034,Gon\u00e7alo Guedes,47,"(1, 1, 0)",23.24463133394568
Forward,239295,V. Parigini,34,"(1, 1, 0)",20.024206011850783
Forward,239843,Z. Bakkali,38,"(0, 1, 1)",19.773220819372387
Forward,240042,D. Kownacki,38,"(1, 1, 0)",22.188100822979052
Forward,244335,K. Dolly,39,"(1, 1, 0)",20.54178236060163
Forward,245813,L. Mousset,38,"(1, 1, 0)",22.915114414747347
Forward,246175,A. Petagna,32,"(1, 1, 0)",18.90631394817334
Forward,247141,I\u00f1aki Williams,38,"(0, 1, 1)",19.24806776570374
Forward,247671,N. P\u00e9p\u00e9,38,"(0, 1, 1)",21.50545984445199
Forward,250134,Luiz Ara\u00fajo,40,"(0, 1, 1)",21.43963545365553
Forward,250885,Santi Mina,38,"(0, 1, 1)",19.563665777918963
Forward,250956,F. Ricci,34,"(0, 1, 1)",21.928771943553407
Forward,252589,B. Petkovi\u0107,34,"(0, 1, 1)",19.09456664198168
Forward,253784,B. Guillaume,32,"(1, 1, 0)",19.63934596100115
Forward,254189,Ivi,34,"(0, 1, 1)",19.952757470233855
Forward,254408,\u00c1. Correa,38,"(0, 1, 1)",21.090062884066487
Forward,254649,T. Asano,17,"(1, 1, 0)",21.06215424288006
Forward,255670,C. Lombardi,28,"(1, 1, 0)",20.17535648969003
Forward,256480,B. Keita,30,"(1, 1, 0)",19.143640573664968
Forward,258254,L. Waldschmidt,38,"(1, 0, 0)",21.831193169397558
Forward,258264,L. Jovi\u0107,35,"(1, 1, 0)",22.056158083644792
Forward,259292,F. Di Francesco,35,"(1, 1, 0)",20.887896346491914
Forward,259946,A. Pe\u00f1aranda,15,"(0, 1, 1)",20.081274397456383
Forward,263490,S. Guirassy,23,"(0, 1, 1)",19.420679428438355
Forward,264989,F. Mubele,39,"(1, 1, 0)",19.861093409741745
Forward,269152,G. Simeone,38,"(1, 1, 0)",19.055526700376927
Forward,271990,L. H\u00f6ler,15,"(1, 1, 0)",19.35942541568686
Forward,272878,A. Nalini,38,"(0, 1, 1)",19.6271426931309
Forward,275032,E. Crivelli,39,"(1, 1, 0)",18.997613410174147
Forward,276211,A. Saint-Maximin,41,"(1, 1, 0)",23.726500244388035
Forward,276944,J. Bamba,41,"(1, 0, 0)",22.27381565748501
Forward,276983,I. Mbenza,41,"(1, 1, 0)",20.7311617219874
Forward,278278,Munir,35,"(1, 1, 0)",21.89120415038357
Forward,279780,J. Augustin,37,"(1, 1, 0)",19.364185107348455
Forward,282772,B. Embolo,107,"(0, 1, 1)",19.49517920998696
Forward,284322,E. Ponce,36,"(0, 1, 1)",20.65360055486961
Forward,285508,K. Iheanacho,45,"(0, 1, 1)",19.065234402345432
Forward,285727,L. Dimata,35,"(1, 1, 0)",19.207875289232316
Forward,286390,O. Demb\u00e9l\u00e9,42,"(1, 1, 0)",21.187790534191553
Forward,286553,A. El Ghazi,40,"(0, 1, 1)",22.332762301406557
Forward,286831,D. Solanke,38,"(1, 1, 0)",23.197188951198328
Forward,293687,D. Calvert-Lewin,34,"(1, 1, 0)",20.978681864363217
Forward,293862,Nacho Gil,39,"(0, 1, 1)",20.102881806713242
Forward,295761,S. Grandsir,41,"(1, 1, 0)",20.57725378361569
Forward,301017,M. Thuram,40,"(1, 1, 0)",21.170859972199604
Forward,328131,C. Akolo,33,"(1, 1, 0)",23.222854281381846
Forward,328336,M. Fares,39,"(0, 1, 1)",19.76934123972408
Forward,333913,K. Lasagna,38,"(0, 1, 1)",21.618996829344812
Forward,334817,L. Boy\u00e9,34,"(0, 1, 1)",19.75810775899112
Forward,338201,E. Boateng,38,"(0, 1, 1)",19.92087755897379
Forward,338249,Gil Dias,36,"(0, 1, 1)",20.742022675497022
Forward,339791,\u00c1lex Berenguer,38,"(0, 1, 1)",20.542803933772632
Forward,340386,Gabriel Jesus,47,"(1, 1, 0)",20.87974267386869
Forward,343925,D. Verde,36,"(1, 1, 0)",19.35717484103427
Forward,343951,T. Abraham,39,"(1, 0, 0)",19.80339932615056
Forward,344140,A. Ndiaye,38,"(0, 1, 1)",19.04142491745828
Forward,344744,J. Ikon\u00e9,37,"(1, 1, 0)",23.185955717662594
Forward,350032,C. \u00dcnder,37,"(1, 1, 0)",19.197915408182507
Forward,351010,P. Cutrone,37,"(1, 1, 0)",19.15827497178183
Forward,352993,Y. Karamoh,33,"(1, 1, 0)",23.671734801291507
Forward,353833,K. Mbapp\u00e9,49,"(1, 1, 0)",20.89363856868807
Forward,354997,S. C\u00f3rdova,38,"(0, 1, 1)",20.136555511738173
Forward,364820,Loren Mor\u00f3n,15,"(0, 1, 1)",20.67271390111126
Forward,366546,L. Mothiba,13,"(0, 1, 1)",19.66689351023402
Forward,372753,Francis Guerrero,30,"(0, 1, 1)",18.722675685001285
Forward,377071,Richarlison,39,"(1, 1, 0)",21.64159094645346
Forward,385273,Charles,38,"(1, 1, 0)",20.417499591049793
Forward,388267,L. Bailey,38,"(1, 1, 0)",22.448073616749742
Forward,394006,M. Terrier,32,"(1, 1, 0)",21.300959735834528
Forward,395636,Maxi G\u00f3mez,45,"(0, 1, 1)",20.247444147061508
Forward,397178,M. Rashford,108,"(0, 1, 1)",20.464396966058207
Forward,403546,Lee Seung-Woo,39,"(0, 1, 1)",21.340706818834363
Forward,410031,M. Kean,24,"(0, 1, 1)",21.505342336821062
Forward,412701,I. Sacko,33,"(1, 1, 0)",18.274195424342732
Forward,424624,O. Etebo,20,"(1, 1, 0)",20.645462013408366
Forward,447821,Y. En-Nesyri,39,"(1, 1, 0)",20.249712989641022
Forward,454457,E. Brignola,23,"(1, 1, 0)",23.06356556350066
Forward,491365,J. Arp,28,"(1, 1, 0)",19.537891341902004
Forward,498357,I. Niane,41,"(0, 1, 1)",20.066434563594388
Midfielder,54,C. Eriksen,46,"(0, 1, 1)",20.787603496249925
Midfielder,93,J. Gu\u00f0munds\u00adson,105,"(0, 1, 1)",18.85254452402226
Midfielder,114,K. Strootman,38,"(1, 1, 0)",18.8875233415628
Midfielder,116,G. Wijnaldum,39,"(1, 0, 0)",19.664782693970164
Midfielder,173,R. van La Parra,39,"(1, 1, 0)",20.977073444869898
Midfielder,174,F. \u0110uri\u010di\u0107,35,"(0, 1, 1)",19.760943720928896
Midfielder,179,L. Narsingh,38,"(0, 1, 1)",18.98281424549596
Midfielder,262,L. Fer,25,"(1, 1, 0)",18.857491179384745
Midfielder,383,D. Tadi\u0107,45,"(0, 1, 1)",20.28124114086243
Midfielder,466,D. Pr\u00f6pper,39,"(0, 1, 1)",20.147779641870265
Midfielder,625,M. de Roon,37,"(0, 1, 1)",17.541963795658013
Midfielder,1729,R. Bazoer,35,"(1, 1, 0)",17.77875481680272
Midfielder,3280,\u00c9. Banega,45,"(0, 1, 1)",18.983097194406533
Midfielder,3286,Dani Parejo,38,"(0, 1, 1)",18.776338947748698
Midfielder,3287,Portu,37,"(0, 1, 1)",19.248914151768076
Midfielder,3314,\u00c1. di Mar\u00eda,47,"(0, 1, 1)",19.56373210689888
Midfielder,3317,Granero,36,"(0, 1, 1)",19.03464056153163
Midfielder,3318,S. Khedira,105,"(0, 1, 1)",18.675328192609932
Midfielder,3319,M. \u00d6zil,105,"(0, 1, 1)",19.619619331237477
Midfielder,3344,Rafinha,15,"(1, 1, 0)",20.957928794816258
Midfielder,3345,Thiago Alc\u00e2ntara,105,"(0, 1, 1)",19.57197169576854
Midfielder,3346,Sergio Busquets,107,"(0, 1, 1)",19.55765293767665
Midfielder,3350,F\u00e0bregas,99,"(0, 1, 1)",19.531846967441922
Midfielder,3384,A. Guardado,45,"(0, 1, 1)",19.265023696611042
Midfielder,3409,San Jos\u00e9,36,"(0, 1, 1)",18.439147325935625
Midfielder,3413,Ander Herrera,38,"(1, 1, 0)",18.673496541423717
Midfielder,3416,Javi Mart\u00ednez,34,"(1, 1, 0)",18.35253485924182
Midfielder,3420,Susaeta,36,"(0, 1, 1)",19.459598717779922
Midfielder,3423,Ibai G\u00f3mez,39,"(0, 1, 1)",18.48888940676504
Midfielder,3470,Campa\u00f1a,38,"(0, 1, 1)",19.078592279969175
Midfielder,3474,Jes\u00fas Navas,35,"(0, 1, 1)",21.719411985412442
Midfielder,3476,I. Rakiti\u0107,109,"(0, 1, 1)",19.290032622675017
Midfielder,3484,Luis Alberto,36,"(1, 0, 0)",20.522901993417012
Midfielder,3503,Ra\u00fal Garc\u00eda,36,"(0, 1, 1)",18.817183161039615
Midfielder,3510,Timor,28,"(0, 1, 1)",18.27237739004076
Midfielder,3535,J. de Guzm\u00e1n,35,"(1, 1, 0)",18.626174136535685
Midfielder,3538,M. Wakaso,39,"(0, 1, 1)",19.031237023990673
Midfielder,3539,H. P\u00e9rez,30,"(0, 1, 1)",19.30585394639415
Midfielder,3542,Trigueros,38,"(0, 1, 1)",18.511754339583206
Midfielder,3543,Borja Valero,37,"(1, 1, 0)",18.784529813036787
Midfielder,3563,Isco,45,"(0, 1, 1)",19.805371225713817
Midfielder,3568,Recio,26,"(0, 1, 1)",18.789188850339396
Midfielder,3571,Joaqu\u00edn,38,"(0, 1, 1)",18.559262307407057
Midfielder,3573,J. Toulalan,23,"(0, 1, 1)",17.619208188940735
Midfielder,3595,Be\u00f1at,38,"(0, 1, 1)",19.21964674569974
Midfielder,3645,Chory Castro,31,"(1, 1, 0)",21.152989963680525
Midfielder,3650,Tom\u00e1s Pina,39,"(0, 1, 1)",16.838586672015463
Midfielder,3676,Illarramendi,38,"(0, 1, 1)",19.340055771286835
Midfielder,3704,P. Diop,37,"(0, 1, 1)",18.51139554369091
Midfielder,3705,Adri\u00e1n,38,"(1, 1, 0)",18.976927453346
Midfielder,3797,V\u00edctor S\u00e1nchez,35,"(0, 1, 1)",18.197665332184478
Midfielder,3843,F. Orellana,18,"(1, 1, 0)",20.309311030043194
Midfielder,3866,M. Iturra,18,"(1, 1, 0)",17.605177812600765
Midfielder,3928,Vicente Iborra,32,"(1, 0, 0)",18.637087022854754
Midfielder,3934,N. El Zhar,38,"(0, 1, 1)",19.252966277168156
Midfielder,4009,M. Lacen,30,"(0, 1, 1)",18.870610763439178
Midfielder,4013,Rub\u00e9n P\u00e9rez,39,"(0, 1, 1)",19.348716844592506
Midfielder,4256,Aleix Vidal,30,"(0, 1, 1)",18.575087512804185
Midfielder,4278,Borja Garc\u00eda,38,"(0, 1, 1)",21.247782463049823
Midfielder,4332,Javi Fuego,38,"(0, 1, 1)",18.18281184291305
Midfielder,4361,Javi Castellano,38,"(0, 1, 1)",14.76884392117169
Midfielder,4362,Momo,37,"(0, 1, 1)",19.600658265048935
Midfielder,4365,Roque Mesa,39,"(0, 1, 1)",18.968030440553463
Midfielder,4375,Vitolo,38,"(0, 1, 1)",19.146375945667796
Midfielder,4488,Sa\u00fal,38,"(0, 1, 1)",18.55030527341032
Midfielder,4511,Pedro Mosquera,38,"(0, 1, 1)",19.02621879842407
Midfielder,4513,D. Cheryshev,42,"(1, 1, 0)",22.35361858375563
Midfielder,4593,Sergio Mora,38,"(0, 1, 1)",18.75177313825152
Midfielder,4911,Jozabed,39,"(0, 1, 1)",19.079666170241786
Midfielder,4969,Tana,35,"(0, 1, 1)",18.43277204450541
Midfielder,5542,Dani Garc\u00eda,38,"(1, 1, 0)",19.382191266739554
Midfielder,5791,Juanpi,25,"(1, 1, 0)",17.250431456189062
Midfielder,7585,Manu Garc\u00eda,38,"(0, 1, 1)",17.97065815698971
Midfielder,7868,A. Oxlade-Chamberlain,36,"(0, 1, 1)",20.717295630187245
Midfielder,7870,A. Ramsey,100,"(1, 1, 0)",20.16947345011712
Midfielder,7899,Oriol Romeu,39,"(1, 1, 0)",18.361558689918844
Midfielder,7906,Juan Mata,38,"(1, 1, 0)",21.81882882083187
Midfielder,7926,Nani,100,"(0, 1, 1)",19.69082341566333
Midfielder,7929,T. Cleverley,23,"(1, 1, 0)",18.868764513154996
Midfielder,7932,D. Fletcher,37,"(1, 1, 0)",18.510184617247873
Midfielder,7934,J. Lingard,48,"(1, 1, 0)",20.271003501648696
Midfielder,7936,P. Pogba,109,"(1, 1, 0)",20.424466060312337
Midfielder,7964,J. Henderson,107,"(0, 1, 1)",20.339907564860063
Midfielder,7965,Lucas Leiva,37,"(1, 0, 0)",19.015686380813037
Midfielder,7967,J. Shelvey,39,"(0, 1, 1)",19.825123566738174
Midfielder,7986,M. Abeid,19,"(0, 1, 1)",17.995141524664454
Midfielder,7988,Y. Cabaye,98,"(0, 1, 1)",18.359203765115574
Midfielder,7989,D. Gosling,37,"(0, 1, 1)",18.260391128076005
Midfielder,8116,N. Redmond,39,"(1, 0, 0)",19.94522635952362
Midfielder,8125,J. Cork,39,"(1, 1, 0)",18.57846711371564
Midfielder,8140,A. Lallana,94,"(0, 1, 1)",18.731319292092103
Midfielder,8143,M. Schneiderlin,39,"(1, 0, 0)",18.887352186449135
Midfielder,8144,J. Ward-Prowse,39,"(1, 1, 0)",14.95789977006492
Midfielder,8200,S. N'Zonzi,47,"(0, 1, 1)",18.7761519959337
Midfielder,8249,M. Fellaini,108,"(0, 1, 1)",19.150571560907917
Midfielder,8284,A. Lennon,37,"(1, 1, 0)",19.07201914036054
Midfielder,8285,J. Livermore,39,"(1, 0, 0)",18.334780283964054
Midfielder,8287,L. Modri\u0107,109,"(0, 1, 1)",19.71976166208446
Midfielder,8290,A. Pritchard,17,"(1, 1, 0)",20.213885796969258
Midfielder,8291,Sandro,15,"(1, 1, 0)",18.166416173046656
Midfielder,8314,G. Barry,26,"(1, 1, 0)",18.20074555798607
Midfielder,8317,David Silva,107,"(0, 1, 1)",19.687256530887495
Midfielder,8319,J. Milner,98,"(0, 1, 1)",18.352575935972293
Midfielder,8323,Denis Su\u00e1rez,39,"(0, 1, 1)",18.92089747312006
Midfielder,8351,A. Surman,39,"(1, 1, 0)",20.49776153556484
Midfielder,8370,C. Brunt,39,"(0, 1, 1)",18.416443846223572
Midfielder,8422,W. Zaha,38,"(1, 0, 0)",20.563761743892986
Midfielder,8464,F. Delph,42,"(1, 1, 0)",19.247734445636056
Midfielder,8471,A. Townsend,38,"(1, 0, 0)",19.4313829982809
Midfielder,8498,A. King,99,"(1, 1, 0)",18.0493454268867
Midfielder,8530,J. McClean,99,"(0, 1, 1)",18.786662116223216
Midfielder,8533,S. Sess\u00e8gnon,20,"(1, 1, 0)",18.828696022648533
Midfielder,8561,M. Noble,39,"(0, 1, 1)",18.972393204734733
Midfielder,8620,M. Diam\u00e9,38,"(1, 1, 0)",18.492699656013254
Midfielder,8623,J. McArthur,37,"(1, 0, 0)",19.105984854451997
Midfielder,8625,V. Moses,44,"(1, 1, 0)",19.742011881365872
Midfielder,8897,J. Hogg,34,"(1, 0, 0)",18.197431505121795
Midfielder,8925,A. Westwood,37,"(0, 1, 1)",18.179632883296712
Midfielder,8959,J. Stanislas,26,"(1, 0, 0)",19.034545272689556
Midfielder,8976,T. Carroll,39,"(0, 1, 1)",19.158264378894025
Midfielder,8980,J. Hendrick,99,"(0, 1, 1)",18.98326862740823
Midfielder,8981,W. Hughes,28,"(1, 0, 0)",18.48814050270413
Midfielder,9080,A. Taarabt,31,"(1, 1, 0)",20.439081934915563
Midfielder,9194,Y. Bolasie,19,"(0, 1, 1)",19.707807098328736
Midfielder,9227,M. Ritchie,39,"(1, 1, 0)",19.273343248141426
Midfielder,9283,H. Arter,21,"(1, 1, 0)",18.007262280355498
Midfielder,9293,M. Pugh,35,"(1, 0, 0)",20.36713034993076
Midfielder,9414,M. Phillips,38,"(1, 0, 0)",20.238745074450094
Midfielder,9419,T. Ince,36,"(0, 1, 1)",19.541897346201925
Midfielder,9623,R. Brady,77,"(0, 1, 1)",21.052371251714984
Midfielder,9739,J. Ibe,38,"(1, 0, 0)",18.799168707620552
Midfielder,10252,S. Clucas,37,"(1, 1, 0)",18.75441468529872
Midfielder,11152,M. Demb\u00e9l\u00e9,108,"(0, 1, 1)",19.16514913682837
Midfielder,11294,S. Arfield,25,"(1, 1, 0)",18.20330516986864
Midfielder,13484,D. Alli,109,"(0, 1, 1)",19.08126877639455
Midfielder,14692,P. Bargfrede,38,"(1, 1, 0)",18.35069362398673
Midfielder,14696,Z. Junuzovi\u0107,99,"(0, 1, 1)",19.561844743856796
Midfielder,14706,A. Hunt,38,"(1, 0, 0)",18.938786773196206
Midfielder,14722,Luiz Gustavo,40,"(1, 1, 0)",19.108751739438745
Midfielder,14723,T. Kroos,106,"(0, 1, 1)",20.275363280048715
Midfielder,14726,F. Rib\u00e9ry,34,"(1, 1, 0)",18.989242930815905
Midfielder,14727,A. Robben,34,"(1, 1, 0)",19.589248315253844
Midfielder,14754,C. Gentner,38,"(1, 1, 0)",18.83494620062854
Midfielder,14770,G. Castro,31,"(1, 1, 0)",18.34012097792179
Midfielder,14781,L. Bender,32,"(1, 1, 0)",19.405511738037884
Midfielder,14786,K. Bellarabi,38,"(1, 1, 0)",19.686743264487326
Midfielder,14802,M. Bakalorz,38,"(1, 0, 0)",18.364382343291656
Midfielder,14804,J. B\u0142aszczykowski,100,"(1, 1, 0)",20.030005136962057
Midfielder,14806,M. G\u00f6tze,98,"(0, 1, 1)",19.886096344501162
Midfielder,14808,\u0130. G\u00fcndo\u011fan,35,"(1, 1, 0)",21.033705309552023
Midfielder,14812,I. Peri\u0161i\u0107,109,"(1, 0, 0)",20.20802627849159
Midfielder,14816,S. Kagawa,45,"(0, 1, 1)",18.83368925422381
Midfielder,14836,T. Inui,45,"(1, 1, 0)",18.75437421700869
Midfielder,14838,C. Kramer,36,"(1, 1, 0)",18.811830868947297
Midfielder,14862,J. Draxler,105,"(0, 1, 1)",18.59696707268055
Midfielder,14863,M. H\u00f6ger,35,"(1, 0, 0)",18.786125855263794
Midfielder,14864,L. Holtby,37,"(0, 1, 1)",20.878125858749026
Midfielder,14866,Jurado,38,"(0, 1, 1)",18.587954789132013
Midfielder,14903,T. Rinc\u00f3n,38,"(1, 1, 0)",18.587813092627087
Midfielder,14905,P. Skjelbred,38,"(1, 0, 0)",18.77095289764133
Midfielder,14929,M. Hasebe,45,"(1, 1, 0)",20.55341358377213
Midfielder,14938,M. Arnold,38,"(0, 1, 1)",18.094747244680875
Midfielder,14989,D. Caligiuri,37,"(1, 1, 0)",20.170319068912804
Midfielder,14997,J. Schmid,38,"(1, 0, 0)",18.87505689709739
Midfielder,14998,J. Schuster,36,"(1, 1, 0)",18.7605201286984
Midfielder,15012,H. Nordtveit,36,"(1, 0, 0)",18.728675533233123
Midfielder,15018,P. Herrmann,33,"(1, 1, 0)",20.330364807939407
Midfielder,15129,D. Didavi,35,"(1, 0, 0)",19.671750531110643
Midfielder,15131,M. Frantz,37,"(1, 1, 0)",18.920088378596205
Midfielder,15141,A. Esswein,34,"(1, 1, 0)",19.555979878743123
Midfielder,15191,Y. Mall\u0131,99,"(0, 1, 1)",20.70619729671084
Midfielder,15194,M. Risse,37,"(1, 1, 0)",20.42929012344926
Midfielder,15253,M. Lehmann,25,"(1, 1, 0)",18.722331756682248
Midfielder,15256,P. Schwegler,36,"(1, 1, 0)",19.233052151019244
Midfielder,15276,M. Weiser,34,"(1, 1, 0)",19.50842299599812
Midfielder,15278,C. Clemens,37,"(0, 1, 1)",20.438605698968694
Midfielder,15317,L. Bittencourt,36,"(1, 1, 0)",21.07786263309115
Midfielder,15430,N. H\u00f6fler,37,"(1, 1, 0)",18.614261932837856
Midfielder,15456,F. Klaus,33,"(1, 1, 0)",19.53626054829543
Midfielder,15487,J. Haberer,37,"(1, 1, 0)",18.67640950383934
Midfielder,15524,H. \u00c7alhano\u011flu,101,"(1, 1, 0)",19.793787974766925
Midfielder,15526,P. Gro\u00df,39,"(0, 1, 1)",18.081070323280827
Midfielder,15695,M. Heller,35,"(1, 1, 0)",20.02949920425632
Midfielder,15777,D. Baier,38,"(1, 0, 0)",21.155760922741763
Midfielder,15781,Ja-Cheol Koo,44,"(1, 1, 0)",18.771368052236188
Midfielder,15782,J. Mor\u00e1vek,35,"(1, 1, 0)",18.490440326527864
Midfielder,15811,S. Rudy,39,"(1, 1, 0)",18.975717229151602
Midfielder,15823,D. Williams,30,"(0, 1, 1)",17.946450223919378
Midfielder,15937,D. Demme,36,"(1, 1, 0)",19.943483643287863
Midfielder,15942,L. Rupp,35,"(0, 1, 1)",19.86514239934733
Midfielder,16027,F. Bartels,16,"(1, 1, 0)",19.77671542160923
Midfielder,16110,K. Kampl,38,"(1, 1, 0)",21.966182922750434
Midfielder,16303,D. Latza,35,"(1, 1, 0)",18.88307914945246
Midfielder,16432,Caiuby,38,"(1, 0, 0)",19.63003281324932
Midfielder,16826,R. Khedira,37,"(1, 0, 0)",18.626109539402442
Midfielder,17136,J. Gondorf,38,"(1, 0, 0)",18.07417429900916
Midfielder,18550,E. Can,88,"(0, 1, 1)",19.53823373667911
Midfielder,18591,J. Hofmann,37,"(1, 1, 0)",18.64898756575942
Midfielder,20401,A. Aquilani,33,"(1, 1, 0)",19.536703377161217
Midfielder,20402,K. Boateng,37,"(1, 1, 0)",19.358967814039758
Midfielder,20403,S. Calvano,20,"(1, 1, 0)",19.098530439509346
Midfielder,20404,B. Cristante,37,"(1, 1, 0)",18.842766884158824
Midfielder,20414,M. Valoti,36,"(1, 1, 0)",18.477346488986637
Midfielder,20441,E. Lamela,24,"(1, 1, 0)",18.71081215032649
Midfielder,20443,M. Pjani\u0107,39,"(1, 1, 0)",18.504545089711375
Midfielder,20446,V. Verre,32,"(1, 1, 0)",20.1816345028515
Midfielder,20448,F. Viviani,34,"(0, 1, 1)",20.851596230028303
Midfielder,20468,E. Giaccherini,100,"(0, 1, 1)",20.09262739198659
Midfielder,20470,C. Marchisio,38,"(0, 1, 1)",20.71676837012133
Midfielder,20472,S. Padoin,39,"(0, 1, 1)",18.12986186051363
Midfielder,20475,A. Vidal,30,"(1, 1, 0)",19.194388181261406
Midfielder,20529,A. Poli,38,"(1, 1, 0)",18.918981068748767
Midfielder,20556,A. Candreva,100,"(0, 1, 1)",19.679056094979
Midfielder,20561,S. Luli\u0107,37,"(1, 0, 0)",19.184719388219527
Midfielder,20588,K. Asamoah,33,"(1, 1, 0)",19.321964894371128
Midfielder,20591,G. Fernandes,100,"(0, 1, 1)",18.166170238416044
Midfielder,20593,R. Pereyra,39,"(1, 1, 0)",19.98244526871567
Midfielder,20620,Pedro Obiang,23,"(0, 1, 1)",19.67827356706417
Midfielder,20623,R. Soriano,30,"(0, 1, 1)",19.773199551941133
Midfielder,20653,P. Hetemaj,38,"(0, 1, 1)",19.160406050160184
Midfielder,20655,L. Rigoni,29,"(1, 1, 0)",19.77326533242055
Midfielder,20685,R. Krhin,33,"(0, 1, 1)",18.918296449003105
Midfielder,20689,G. Ram\u00edrez,39,"(1, 1, 0)",18.928429914368653
Midfielder,20749,A. Bertolacci,38,"(0, 1, 1)",19.30923974085859
Midfielder,20751,J. Cuadrado,45,"(1, 1, 0)",19.93678276358256
Midfielder,20815,A. Barberis,38,"(0, 1, 1)",20.020302905730052
Midfielder,20816,\u00c9. Barreto,36,"(0, 1, 1)",19.06311538066821
Midfielder,20823,F. V\u00e1zquez,34,"(0, 1, 1)",18.83961415165442
Midfielder,20845,G. Bonaventura,36,"(0, 1, 1)",19.2761716356815
Midfielder,20850,L. Cigarini,37,"(0, 1, 1)",19.36485199414439
Midfielder,20876,A. Ekdal,108,"(0, 1, 1)",18.662575352953773
Midfielder,20879,R. Nainggolan,99,"(0, 1, 1)",19.097798169328282
Midfielder,20911,P. Schiattarella,37,"(0, 1, 1)",18.42021636447825
Midfielder,20935,R\u00f4mulo,39,"(1, 1, 0)",19.355274294194817
Midfielder,20938,V. Behrami,107,"(1, 1, 0)",18.26943866523812
Midfielder,20943,R. Montolivo,35,"(0, 1, 1)",19.010309579331587
Midfielder,21019,M. Valdifiori,27,"(1, 1, 0)",18.269305833492112
Midfielder,21025,R. Saponara,33,"(1, 1, 0)",19.272434031127407
Midfielder,21169,B. D\u017eemaili,107,"(0, 1, 1)",19.462156702225247
Midfielder,21171,M. Ham\u0161\u00edk,101,"(1, 1, 0)",19.306393952882093
Midfielder,21288,Miguel Veloso,37,"(1, 1, 0)",19.2219122022031
Midfielder,21291,V. Birsa,38,"(0, 1, 1)",20.75169254501777
Midfielder,21314,E. Hallfre\u00f0sson,104,"(0, 1, 1)",18.393778980392756
Midfielder,21315,Jorginho,38,"(1, 0, 0)",18.953167393730162
Midfielder,21350,M. Parolo,96,"(0, 1, 1)",18.36903357134175
Midfielder,21507,D. Baselli,35,"(1, 0, 0)",19.11996609325318
Midfielder,21564,I. Radovanovi\u0107,37,"(0, 1, 1)",18.9428329511784
Midfielder,21620,J. Kurti\u010d,37,"(0, 1, 1)",18.884984195261552
Midfielder,21678,L. Del Pinto,35,"(0, 1, 1)",18.44522167667098
Midfielder,22099,M. B\u00fcchel,32,"(1, 1, 0)",18.43169533483561
Midfielder,22163,S. Missiroli,38,"(1, 1, 0)",18.27383755743818
Midfielder,22380,M. Benassi,38,"(0, 1, 1)",18.971774839634907
Midfielder,22381,Daniel Bessa,38,"(1, 1, 0)",21.259774083666475
Midfielder,22383,A. Duncan,38,"(0, 1, 1)",19.532990515253783
Midfielder,22566,A. Florenzi,100,"(0, 1, 1)",20.627087220783928
Midfielder,22695,N. Viola,37,"(0, 1, 1)",19.127038563297603
Midfielder,25403,J. Ferri,41,"(1, 1, 0)",15.166222248755632
Midfielder,25405,M. Gonalons,34,"(0, 1, 1)",19.074557909616416
Midfielder,25407,C. Grenier,33,"(1, 1, 0)",21.272730472092945
Midfielder,25437,B. Matuidi,109,"(0, 1, 1)",19.134374797957616
Midfielder,25439,T. Motta,100,"(0, 1, 1)",18.01516485888284
Midfielder,25461,R. Boudebouz,33,"(1, 1, 0)",21.043676803252097
Midfielder,25470,S. Prci\u0107,35,"(0, 1, 1)",18.480319381435233
Midfielder,25474,R. Camara,17,"(0, 1, 1)",19.79540511002391
Midfielder,25503,G. Mandjeck,18,"(1, 0, 0)",18.45965926048482
Midfielder,25504,S. Me\u00eft\u00e9,35,"(0, 1, 1)",20.9248819139345
Midfielder,25514,P. Ntep,35,"(0, 1, 1)",17.666427490653255
Midfielder,25532,V. Bessat,39,"(0, 1, 1)",19.436734617085477
Midfielder,25537,G. Krychowiak,107,"(0, 1, 1)",20.707238834833138
Midfielder,25541,J. Veretout,37,"(1, 1, 0)",18.522539522034446
Midfielder,25562,M. Amalfitano,29,"(1, 1, 0)",20.382324805823067
Midfielder,25596,J. Pla\u0161il,100,"(0, 1, 1)",17.99506290194516
Midfielder,25623,G. Kondogbia,36,"(0, 1, 1)",18.906172788661074
Midfielder,25647,J. F\u00e9ret,41,"(1, 0, 0)",19.50370352319102
Midfielder,25650,V. Pajot,30,"(1, 1, 0)",19.530319477452316
Midfielder,25706,I. Gueye,46,"(0, 1, 1)",20.3222188751284
Midfielder,25743,B. Sarr,38,"(1, 1, 0)",19.91519546029361
Midfielder,25764,Y. Cahuzac,37,"(1, 1, 0)",17.972832743339204
Midfielder,25798,E. Capoue,37,"(1, 0, 0)",18.568967214326687
Midfielder,25800,\u00c9. Didot,38,"(1, 1, 0)",18.92501843290552
Midfielder,25805,F. Tabanou,22,"(0, 1, 1)",19.44212335609437
Midfielder,25826,B. Andr\u00e9,41,"(1, 1, 0)",19.257351779956775
Midfielder,25829,P. Lasne,41,"(1, 1, 0)",18.66381530939729
Midfielder,25835,F. Sammaritano,36,"(0, 1, 1)",19.22220321225377
Midfielder,25861,J. Guilavogui,38,"(0, 1, 1)",18.423670125366538
Midfielder,25888,F. Fajr,44,"(0, 1, 1)",18.655996212579765
Midfielder,25891,B. Nivet,41,"(1, 1, 0)",18.813570385547504
Midfielder,25939,M. Diallo,39,"(1, 1, 0)",18.4474668195549
Midfielder,25942,G. Imbula,34,"(1, 1, 0)",19.23876029471888
Midfielder,25950,A. Knockaert,39,"(0, 1, 1)",18.66045766090388
Midfielder,25995,B. Stambouli,34,"(1, 1, 0)",18.57003848503731
Midfielder,25999,R. Cabella,39,"(0, 1, 1)",19.989741108362434
Midfielder,26000,B. Dabo,40,"(0, 1, 1)",20.30150034557049
Midfielder,26032,C. Doukour\u00e9,28,"(0, 1, 1)",18.171533581492454
Midfielder,26065,J. Martin,40,"(1, 0, 0)",18.74819956852282
Midfielder,26120,T. Mangani,40,"(1, 1, 0)",19.138206350753453
Midfielder,26150,R. Mahrez,39,"(0, 1, 1)",20.510876457721537
Midfielder,26285,A. Gon\u00e7alves,41,"(0, 1, 1)",17.63668720996995
Midfielder,26314,L. Deaux,40,"(0, 1, 1)",20.06341177803566
Midfielder,26381,B. Corgnet,41,"(0, 1, 1)",18.88948242597011
Midfielder,26384,G. Kakuta,40,"(0, 1, 1)",20.38503961533566
Midfielder,26389,Y. Sankhar\u00e9,39,"(0, 1, 1)",18.575353076445456
Midfielder,26508,R. Cohade,41,"(1, 0, 0)",20.696836383532307
Midfielder,26512,M. Dossevi,36,"(0, 1, 1)",20.699179377508415
Midfielder,26518,C. S\u00e1nchez,45,"(1, 1, 0)",19.143553337300286
Midfielder,26604,Y. Salibur,35,"(0, 1, 1)",19.415127461745218
Midfielder,26956,N. Benezet,37,"(1, 1, 0)",20.12431390591375
Midfielder,27646,P. Capelle,40,"(1, 1, 0)",20.664780431139853
Midfielder,28115,N. Fekir,48,"(1, 1, 0)",18.73978940431514
Midfielder,28117,R. Ghezzal,38,"(1, 1, 0)",19.192980199359813
Midfielder,28230,A. Tameze,41,"(1, 0, 0)",18.6834760639884
Midfielder,28232,I. Amadou,35,"(0, 1, 1)",18.886897323393466
Midfielder,28291,T. Bakayoko,38,"(0, 1, 1)",17.819958937525318
Midfielder,28292,A. Doucour\u00e9,39,"(1, 1, 0)",19.236218135397653
Midfielder,28866,K. Azamoum,41,"(1, 1, 0)",19.02252684982959
Midfielder,28922,T. Lemar,42,"(1, 1, 0)",19.255293641243505
Midfielder,28948,G. Fofana,39,"(0, 1, 1)",19.107714293476942
Midfielder,28990,D. Li\u00e9nard,41,"(1, 1, 0)",19.33440765057089
Midfielder,29137,J. Grimm,39,"(1, 1, 0)",16.871963068009574
Midfielder,29640,M. Lemina,37,"(1, 0, 0)",19.72895121554362
Midfielder,29641,B. Pel\u00e9,41,"(1, 0, 0)",19.431396027986107
Midfielder,30437,F. Mollet,41,"(0, 1, 1)",20.506781598204164
Midfielder,31528,N. Kant\u00e9,109,"(0, 1, 1)",19.29303788561389
Midfielder,32652,E. \u00c7olak,36,"(0, 1, 1)",18.109799490862038
Midfielder,37714,Y. El Ghanassy,35,"(0, 1, 1)",19.33085139082334
Midfielder,37725,C. Kouyat\u00e9,44,"(0, 1, 1)",18.523935889979292
Midfielder,37732,L. Biglia,37,"(1, 1, 0)",19.563006231710414
Midfielder,37739,D. Praet,39,"(1, 1, 0)",18.605275319779732
Midfielder,38015,S. Peeters,40,"(1, 1, 0)",18.80242670504981
Midfielder,38021,K. De Bruyne,109,"(1, 1, 0)",21.183516822406254
Midfielder,40550,Paulinho,45,"(0, 1, 1)",18.26501861568403
Midfielder,40614,Guilherme,37,"(0, 1, 1)",18.58642240716219
Midfielder,40726,Allan,39,"(0, 1, 1)",19.31425286516772
Midfielder,40756,Casemiro,45,"(0, 1, 1)",18.91963552307145
Midfielder,40806,Felipe Anderson,22,"(0, 1, 1)",22.09918864975112
Midfielder,41056,Thiago Mendes,40,"(0, 1, 1)",18.267708879393286
Midfielder,41174,M. Lanzini,37,"(1, 1, 0)",20.601684668096436
Midfielder,43051,Gabriel,36,"(0, 1, 1)",20.24393254165106
Midfielder,43196,Som\u00e1lia,41,"(1, 1, 0)",19.588545111241917
Midfielder,43515,Andrei Girotto,35,"(1, 1, 0)",18.22842323288711
Midfielder,49872,X. Shaqiri,107,"(1, 1, 0)",20.406181340590194
Midfielder,49876,G. Xhaka,107,"(0, 1, 1)",19.87740427970263
Midfielder,49982,A. Abrashi,91,"(0, 1, 1)",19.224105267268076
Midfielder,49991,R. Freuler,37,"(0, 1, 1)",19.419794683435413
Midfielder,49997,S. Zuber,44,"(0, 1, 1)",18.679652227143695
Midfielder,50073,A. Ioni\u0163\u0103,39,"(0, 1, 1)",18.54003898782193
Midfielder,50812,J. Durmaz,101,"(0, 1, 1)",19.491643625567157
Midfielder,51004,C. Borges,44,"(0, 1, 1)",18.15691262438912
Midfielder,51013,R. Quaison,36,"(1, 1, 0)",19.631401110503575
Midfielder,51132,E. Forsberg,108,"(0, 1, 1)",19.82005444634851
Midfielder,51145,O. Hiljemark,19,"(0, 1, 1)",18.74702293818789
Midfielder,54380,O. Seln\u00e6s,41,"(1, 0, 0)",18.07716881976758
Midfielder,55990,T. Delaney,45,"(1, 0, 0)",18.703456584738746
Midfielder,56025,M. Krohn-Dehli,38,"(0, 1, 1)",19.155899775515934
Midfielder,61961,B. Kayal,21,"(0, 1, 1)",18.231512830202593
Midfielder,61962,Sung-Yeung Ki,36,"(0, 1, 1)",20.55673203565216
Midfielder,61967,V. Wanyama,39,"(0, 1, 1)",19.060418550484926
Midfielder,61988,S. Davis,88,"(0, 1, 1)",18.495091083070783
Midfielder,62224,R. Fraser,39,"(1, 1, 0)",18.753682278110766
Midfielder,62389,A. Mooy,45,"(1, 0, 0)",19.55806121478034
Midfielder,65055,F. Kainz,38,"(1, 0, 0)",19.90605574551101
Midfielder,65596,M. Sabitzer,94,"(0, 1, 1)",19.4678743969623
Midfielder,69400,M. Badelj,108,"(1, 1, 0)",20.594971831943504
Midfielder,69404,M. Kova\u010di\u0107,107,"(0, 1, 1)",18.866855757766558
Midfielder,69968,M. Brozovi\u0107,109,"(1, 1, 0)",19.61902561370645
Midfielder,70092,S. Defour,23,"(1, 1, 0)",19.490392707291633
Midfielder,70093,Jo\u00e3o Moutinho,106,"(0, 1, 1)",19.4906141249405
Midfielder,70096,J. Rodr\u00edguez,42,"(1, 1, 0)",20.332232798434035
Midfielder,70120,Javi Garc\u00eda,37,"(0, 1, 1)",18.372623966473206
Midfielder,70122,N. Mati\u0107,45,"(0, 1, 1)",19.596243543651422
Midfielder,70156,A. Carrillo,43,"(1, 1, 0)",20.861434316905658
Midfielder,70215,C. Atsu,33,"(0, 1, 1)",20.82774127084641
Midfielder,70965,Jo\u00e3o M\u00e1rio,106,"(0, 1, 1)",20.18375962046143
Midfielder,77548,J. Allen,99,"(0, 1, 1)",19.027125795987608
Midfielder,77552,N. Dyer,30,"(1, 0, 0)",19.296534569301528
Midfielder,77557,W. Routledge,38,"(1, 0, 0)",19.5807442927155
Midfielder,82518,V. Darida,99,"(0, 1, 1)",20.019600908660827
Midfielder,83836,A. Maxim,38,"(1, 1, 0)",18.685314743255436
Midfielder,86301,L. Castro,38,"(0, 1, 1)",21.00084266607267
Midfielder,86308,C. Yacob,34,"(1, 1, 0)",18.161283452692548
Midfielder,86309,B. Zuculini,18,"(0, 1, 1)",18.303113247921566
Midfielder,86486,G. Poblete,37,"(1, 1, 0)",18.618747776976853
Midfielder,86828,G. Pizarro,38,"(0, 1, 1)",18.503213681039895
Midfielder,89559,C. Ar\u00e1nguiz,38,"(1, 1, 0)",19.19652151968942
Midfielder,90268,E. Pulgar,36,"(1, 1, 0)",18.093097263837564
Midfielder,93044,S. Darbion,37,"(1, 1, 0)",19.092865137057764
Midfielder,94828,G. Shibasaki,45,"(0, 1, 1)",18.488895571834796
Midfielder,99902,P. Zieli\u0144ski,105,"(0, 1, 1)",18.262813803615508
Midfielder,105333,Willian,47,"(1, 1, 0)",20.219715823819676
Midfielder,105334,Douglas Costa,44,"(1, 1, 0)",19.997468561313273
Midfielder,105338,H. Mkhitaryan,39,"(1, 1, 0)",20.670672846516883
Midfielder,105339,Fernandinho,47,"(1, 1, 0)",19.041346170067886
Midfielder,116171,Jo\u00e3o Pedro,28,"(0, 1, 1)",18.158750211083667
Midfielder,116269,D. Laxalt,45,"(1, 1, 0)",18.96608546349385
Midfielder,116345,F. P\u00edriz,39,"(0, 1, 1)",18.087380069912296
Midfielder,116349,M. Vecino,45,"(1, 1, 0)",19.141486522040154
Midfielder,127534,D. Lazovi\u0107,36,"(0, 1, 1)",19.578144065666102
Midfielder,127537,L. Milivojevi\u0107,45,"(1, 0, 0)",18.3808308858985
Midfielder,127685,M. Joji\u0107,37,"(1, 1, 0)",19.108662644453112
Midfielder,127796,F. Kosti\u0107,44,"(1, 0, 0)",21.346327376139627
Midfielder,127928,D. Bra\u0161anac,35,"(1, 1, 0)",18.043187370106864
Midfielder,134174,Samu Castillejo,38,"(0, 1, 1)",19.441265273295958
Midfielder,134294,I. Hayden,34,"(0, 1, 1)",18.68127010597086
Midfielder,134369,M. Meyer,31,"(0, 1, 1)",19.043466294248578
Midfielder,134387,L. Goretzka,38,"(1, 1, 0)",20.233871881362095
Midfielder,134397,S. Gnabry,36,"(1, 1, 0)",21.72886535781039
Midfielder,134508,S. Fofana,37,"(0, 1, 1)",19.013339905490433
Midfielder,134797,Hernani,30,"(1, 1, 0)",14.53829077539057
Midfielder,135114,P. H\u00f8jbjerg,28,"(1, 1, 0)",20.471145751991763
Midfielder,135561,F. Grillitsch,37,"(1, 0, 0)",19.437642231168795
Midfielder,135913,Rony Lopes,41,"(1, 1, 0)",20.035949087175453
Midfielder,136011,M. Ga\u0107inovi\u0107,37,"(0, 1, 1)",20.00520709305776
Midfielder,138174,K. Linetty,39,"(1, 1, 0)",19.12018440892905
Midfielder,140125,N. Radoja,39,"(0, 1, 1)",18.26130531394651
Midfielder,141172,J. Aholou,40,"(1, 1, 0)",18.390859855704754
Midfielder,144766,N. Bentaleb,36,"(1, 1, 0)",18.000460981410484
Midfielder,146583,J. Brandt,45,"(1, 1, 0)",19.394401490758632
Midfielder,149053,R. Walter,40,"(1, 1, 0)",18.25176354519944
Midfielder,149062,T. Dingom\u00e9,16,"(1, 1, 0)",18.555392779860856
Midfielder,165425,D. Kohr,38,"(1, 1, 0)",17.70278462000167
Midfielder,167641,S. Lobotka,39,"(0, 1, 1)",19.022681970633165
Midfielder,190167,L. Spinazzola,25,"(0, 1, 1)",19.172760942574836
Midfielder,207143,Fabinho,41,"(1, 1, 0)",18.797690591419126
Midfielder,207164,B. N'Diaye,15,"(1, 1, 0)",18.973950226538737
Midfielder,208089,I. Fossum,27,"(1, 0, 0)",18.572560134604224
Midfielder,208652,V. Lazaro,30,"(1, 1, 0)",18.39422389924526
Midfielder,209028,A. Thomasson,40,"(1, 1, 0)",18.49288815103101
Midfielder,209086,M. Sanson,40,"(1, 1, 0)",19.354465623914976
Midfielder,209091,C. Tolisso,47,"(1, 1, 0)",20.09326907608356
Midfielder,209209,F. Tait,40,"(0, 1, 1)",21.39922088422412
Midfielder,210044,E. Dier,109,"(0, 1, 1)",20.49425975031664
Midfielder,212644,G. Escalante,35,"(1, 1, 0)",18.388133955517006
Midfielder,213948,R. de Paul,38,"(0, 1, 1)",19.618312719269284
Midfielder,214062,\u00c1lex Granell,38,"(0, 1, 1)",19.559529168771313
Midfielder,215983,S. Boufal,30,"(1, 1, 0)",19.571969611259913
Midfielder,217031,Thomas,37,"(0, 1, 1)",19.065120018945635
Midfielder,217052,R. Steffen,16,"(1, 1, 0)",20.073526490147387
Midfielder,217872,J. Iloki,37,"(1, 1, 0)",21.494529485397617
Midfielder,217874,A. Tour\u00e9,40,"(1, 1, 0)",18.413402567744125
Midfielder,220341,R. Chibsah,14,"(1, 1, 0)",19.034748074141206
Midfielder,221333,K. Demirbay,36,"(0, 1, 1)",19.792660178578696
Midfielder,221452,V. Grifo,29,"(1, 1, 0)",21.00729980555289
Midfielder,223560,L. \u00d6ztunali,38,"(1, 1, 0)",18.846837328310592
Midfielder,224677,J. Weigl,33,"(1, 1, 0)",18.636139818614534
Midfielder,224896,G. Holtmann,24,"(1, 1, 0)",17.63260844075202
Midfielder,224971,E. Thommy,38,"(1, 1, 0)",21.235192012761278
Midfielder,225089,Jos\u00e9 Luis Morales,38,"(0, 1, 1)",20.825508815913356
Midfielder,225948,Rub\u00e9n Pe\u00f1a,38,"(1, 1, 0)",19.035402077470177
Midfielder,226005,Burgui,38,"(0, 1, 1)",18.809119713426444
Midfielder,226200,M. Lazzari,35,"(0, 1, 1)",21.66553172042681
Midfielder,228928,A. Maru\u0161i\u0107,36,"(1, 1, 0)",18.696647160946114
Midfielder,228980,J. Gbamin,34,"(1, 0, 0)",18.691198187335804
Midfielder,228981,B. Bourigeaud,41,"(1, 1, 0)",20.040250689733227
Midfielder,228983,W. Cyprien,17,"(1, 1, 0)",20.350644830165063
Midfielder,229124,A. Hunou,41,"(1, 1, 0)",17.626831064943442
Midfielder,230020,A. Iwobi,44,"(1, 1, 0)",19.693261460891023
Midfielder,230895,Pere Pons,37,"(0, 1, 1)",18.388269017475174
Midfielder,234138,J. Repas,31,"(0, 1, 1)",19.91258041508127
Midfielder,234527,A. Halilovi\u0107,39,"(0, 1, 1)",18.97713328508208
Midfielder,235555,R. Loftus-Cheek,46,"(1, 1, 0)",20.349897887870792
Midfielder,237269,S. Luki\u0107,22,"(1, 1, 0)",18.42729386734441
Midfielder,240070,H. Winks,18,"(0, 1, 1)",19.680615769048277
Midfielder,240445,Andreas Pereira,33,"(1, 0, 0)",19.749302811556586
Midfielder,241676,R. Gagliardini,34,"(1, 1, 0)",17.989274932252304
Midfielder,241945,P. Sisto,45,"(0, 1, 1)",19.80182948034291
Midfielder,244357,B. Zungu,34,"(1, 0, 0)",18.584371786581688
Midfielder,246061,F. Bernardeschi,98,"(0, 1, 1)",18.432477350079644
Midfielder,246063,S. Sensi,34,"(1, 1, 0)",18.73850974637836
Midfielder,246946,E. Skhiri,46,"(0, 1, 1)",18.605609720388046
Midfielder,247207,Joan Jord\u00e1n,38,"(1, 1, 0)",19.402125815739087
Midfielder,247219,V\u00edctor Camarasa,37,"(0, 1, 1)",19.715659640879014
Midfielder,247248,S. March,39,"(0, 1, 1)",17.70413053488486
Midfielder,249926,A. Confais,36,"(0, 1, 1)",18.325380863975603
Midfielder,253333,A. Blin,36,"(0, 1, 1)",18.536033960476253
Midfielder,255738,J. Lerma,45,"(0, 1, 1)",18.43326004216877
Midfielder,256478,D. Cataldi,38,"(0, 1, 1)",19.547003931319736
Midfielder,256706,L. Phiri,40,"(1, 1, 0)",20.55072551239818
Midfielder,256992,A. Fulgini,35,"(1, 1, 0)",19.387505738578472
Midfielder,257750,Thiago Maia,40,"(0, 1, 1)",18.700395622326948
Midfielder,260002,V. Rongier,40,"(1, 1, 0)",19.8834804728035
Midfielder,261127,A. Januzaj,37,"(0, 1, 1)",20.37959093809645
Midfielder,263091,Gumbau,37,"(0, 1, 1)",17.84572097612925
Midfielder,263614,N. Amiri,38,"(0, 1, 1)",20.314778291715434
Midfielder,263802,Y. Tielemans,48,"(1, 1, 0)",16.846952714672998
Midfielder,265172,A. Bar\u00e1k,37,"(0, 1, 1)",18.432860897846403
Midfielder,265366,W. Ndidi,45,"(0, 1, 1)",19.447874096923936
Midfielder,265673,Bernardo Silva,46,"(1, 1, 0)",19.536991101762204
Midfielder,265864,N. Maksimovi\u0107,39,"(0, 1, 1)",20.431100489136124
Midfielder,265865,S. Milinkovi\u0107-Savi\u0107,43,"(1, 0, 0)",19.718079381922255
Midfielder,269060,P. Hern\u00e1ndez,38,"(0, 1, 1)",18.582797708456365
Midfielder,269490,F. Kath,34,"(1, 1, 0)",18.49745778375255
Midfielder,272363,M. Dahoud,35,"(1, 1, 0)",19.188149191166993
Midfielder,272440,M. Eggestein,38,"(1, 1, 0)",18.372455211796776
Midfielder,273819,Xeka,29,"(0, 1, 1)",19.47693226918879
Midfielder,274344,B. Santamaria,40,"(0, 1, 1)",18.678112551855833
Midfielder,275243,S. Khaoui,37,"(1, 1, 0)",18.78758435201886
Midfielder,275293,Samu Garc\u00eda,30,"(0, 1, 1)",18.450544711046486
Midfielder,276920,V. Vada,38,"(0, 1, 1)",19.080147614362062
Midfielder,277629,P. Lees Melou,39,"(0, 1, 1)",18.91771550994416
Midfielder,278813,S. Bastien,34,"(0, 1, 1)",19.72116633490459
Midfielder,279538,Marcos Llorente,36,"(0, 1, 1)",19.036757955108854
Midfielder,279555,Iv\u00e1n Alejo,37,"(1, 1, 0)",21.13046370711205
Midfielder,279734,V. Koziello,39,"(0, 1, 1)",19.38519202340565
Midfielder,280115,M. Lopez,40,"(1, 1, 0)",20.299802641062907
Midfielder,280383,E. Bardhi,38,"(0, 1, 1)",19.123173889368026
Midfielder,282448,Aleix Garc\u00eda,31,"(0, 1, 1)",20.16122371463092
Midfielder,282804,K. Laimer,37,"(1, 1, 0)",19.09044523870848
Midfielder,283142,D. Gray,39,"(0, 1, 1)",17.917140515468223
Midfielder,284315,M. Rog,99,"(0, 1, 1)",18.466510189000065
Midfielder,284469,J. Brekalo,38,"(1, 0, 0)",20.544523221192083
Midfielder,285109,F. Kessi\u00e9,38,"(1, 1, 0)",20.36194073023304
Midfielder,285457,H. Ma\u00efga,18,"(1, 1, 0)",20.26789222829704
Midfielder,286223,N. Barella,39,"(0, 1, 1)",19.147172840954063
Midfielder,286226,M. Locatelli,38,"(1, 1, 0)",17.58539357570931
Midfielder,286448,M. Arambarri,29,"(0, 1, 1)",15.663819897444188
Midfielder,288091,Marco Asensio,45,"(0, 1, 1)",21.253148854278262
Midfielder,289359,Y. A\u00eft Bennasser,38,"(0, 1, 1)",17.767367508547085
Midfielder,289711,N. Ke\u00efta,37,"(1, 1, 0)",18.383875350585647
Midfielder,292310,L. Mazzitelli,32,"(1, 1, 0)",19.97793229617516
Midfielder,293686,J. Murphy,38,"(1, 1, 0)",16.923387372136176
Midfielder,295569,Ot\u00e1vio,32,"(1, 1, 0)",18.722667831955967
Midfielder,302518,L. Cook,31,"(1, 0, 0)",19.35776829157456
Midfielder,302600,S. Serdar,32,"(1, 1, 0)",18.728063571111278
Midfielder,302799,R. Mandragora,38,"(0, 1, 1)",18.561144264359736
Midfielder,303357,P. Billing,39,"(1, 1, 0)",19.574893847705734
Midfielder,325781,J. Lea Siliki,41,"(1, 1, 0)",20.976606635092107
Midfielder,327009,Walace,29,"(1, 1, 0)",20.905351607047862
Midfielder,328333,L. Pellegrini,35,"(1, 1, 0)",19.281940043256913
Midfielder,330387,M. Coco,40,"(1, 0, 0)",21.399673412645424
Midfielder,332605,Ramadan Sobhi,44,"(0, 1, 1)",17.609718016376476
Midfielder,333571,L. Torreira,45,"(0, 1, 1)",18.59133218777181
Midfielder,335763,J. Sambia,37,"(1, 1, 0)",21.108988876953678
Midfielder,339789,Mikel Merino,37,"(0, 1, 1)",19.124658476944504
Midfielder,340019,Gerson,34,"(1, 1, 0)",17.804326066995007
Midfielder,340920,L. Blas,40,"(1, 0, 0)",19.672755951534445
Midfielder,342743,L. Tousart,41,"(1, 1, 0)",17.723846826522283
Midfielder,344075,I\u00f1igo C\u00f3rdoba,38,"(0, 1, 1)",19.700230428190206
Midfielder,345707,B. \u00d6zcan,35,"(0, 1, 1)",19.23337120026018
Midfielder,346071,O. Burke,31,"(0, 1, 1)",17.674758579002656
Midfielder,346195,Fabi\u00e1n,38,"(0, 1, 1)",19.72733145669908
Midfielder,346908,A. Murgia,34,"(1, 1, 0)",18.955797773404868
Midfielder,347200,C. Nkunku,36,"(0, 1, 1)",19.66937429168458
Midfielder,349099,O. Mangala,38,"(1, 0, 0)",18.204094560370457
Midfielder,349102,S. Omeonga,38,"(0, 1, 1)",17.99950470142146
Midfielder,353236,T. Davies,39,"(0, 1, 1)",18.42254738550379
Midfielder,354547,J. Jankto,38,"(0, 1, 1)",18.924794168095776
Midfielder,355599,Mikel Oyarzabal,38,"(0, 1, 1)",20.18932484274919
Midfielder,356237,G. Lo Celso,37,"(0, 1, 1)",21.4750911054346
Midfielder,356903,S. \u00d6zcan,28,"(0, 1, 1)",18.185355361793075
Midfielder,360992,D. Zakaria,44,"(1, 1, 0)",18.75544718998753
Midfielder,361807,R. Bentancur,45,"(1, 1, 0)",19.25281041431142
Midfielder,364005,F. Valverde,34,"(1, 1, 0)",18.512694847652856
Midfielder,364644,A. Diouss\u00e9,38,"(1, 1, 0)",18.47772866654224
Midfielder,364860,Rodri,38,"(0, 1, 1)",18.392524136359782
Midfielder,366401,A. Zambo Anguissa,40,"(1, 1, 0)",18.862178433335323
Midfielder,366571,F. Maouassa,40,"(0, 1, 1)",18.572360573714707
Midfielder,366760,L. Coulibaly,40,"(1, 1, 0)",20.50964966789903
Midfielder,367621,D. Geiger,29,"(1, 1, 0)",19.10125878490902
Midfielder,372915,A. Harit,38,"(1, 1, 0)",20.320754358236595
Midfielder,374013,A. Diawara,34,"(1, 1, 0)",17.751970439115617
Midfielder,391530,C. Pulisic,38,"(1, 1, 0)",20.555460422477296
Midfielder,397033,B. Soumar\u00e9,23,"(1, 1, 0)",18.97809014182394
Midfielder,397046,H. Aouar,38,"(0, 1, 1)",17.946905182009594
Midfielder,397174,S. McTominay,22,"(0, 1, 1)",18.810993277443657
Midfielder,399676,Pablo Fornals,38,"(0, 1, 1)",19.163131733963134
Midfielder,406682,A. Lookman,28,"(0, 1, 1)",18.392117885477514
Midfielder,408827,B. Srarfi,42,"(1, 1, 0)",19.625310138962107
Midfielder,412897,Dani Raba,26,"(1, 1, 0)",19.85876579932658
Midfielder,413582,Y. Bissouma,39,"(0, 1, 1)",20.80714612364184
Midfielder,425925,K. Havertz,35,"(1, 0, 0)",18.739199051852086
Midfielder,425926,A. Maier,23,"(0, 1, 1)",19.372763469194194
Midfielder,447804,F. Chiesa,37,"(1, 1, 0)",19.270339344463185
Midfielder,448079,I. Sarr,47,"(0, 1, 1)",19.446689582781982
Midfielder,450784,\u00d3scar Melendo,37,"(0, 1, 1)",19.487474782831516
Midfielder,471348,W. McKennie,37,"(1, 1, 0)",17.87429515822888
